HIP,HD,Bayer,NAME,ra2000,de2000,plx,pmra,pmde,rv,Hpmag,Umag,Bmag,Vmag,Imag
71683,128620,alfa Cen A,Rigil Kentaurus,219.90205833170774,-60.83399268831004,754.81,-3679.25,473.67,-24.6,0.1373,0.94,0.7,-0.01,-0.7
71681,128621,alfa Cen B,Toliman,219.89609628987276,-60.83752756558407,796.92,-3614.39,802.98,-20.7,1.2429,2.93,2.25,1.35,0.4700000000000001
8102,10700,,,26.017013072583932,-15.937479890319533,273.8097,-1721.728,854.963,-16.4,3.6295,4.432,4.222,3.495,2.6750000000000003
69673,124897,alfa Boo,Arcturus,213.91530030655568,19.18240918162578,88.83,-1093.39,-2000.06,-5.4,0.1114,2.459,1.189,-0.05,-1.27
16537,22049,epsilon Eri,Ran,53.23268537917799,-9.458260971226538,310.5773,-974.758,20.876,16.7,3.8652,5.197,4.607,3.726,2.786
46853,82328,,,143.21429555649357,51.67731480720938,73.8284,-942.567,-542.016,15.4,3.277,3.68,3.66,3.185,2.625
37279,61421,alfa CMi,Procyon,114.82549792219358,5.224987577594264,284.56,-714.59,-1036.8,-3.2,0.4607,0.8520000000000001,0.8320000000000001,0.4,-0.08999999999999997
37826,62509,beta Gem,Pollux,116.32895776956478,28.02619888978289,96.54,-626.55,-45.8,3.3,1.2947,3.0020000000000002,2.152,1.161,0.19100000000000006
82396,151680,epsilon Sco,Larawag,252.54087838727037,-34.29323159031974,51.19,-614.85,-255.98,-2.5,2.4532,4.705,3.4349999999999996,2.291,1.1909999999999998
61941,110379,gamma Vir,Porrima,190.4151176200515,-1.4494039542859587,83.1935,-605.176,85.701,-19.5,2.8213,3.0780000000000003,3.108,2.74,2.31
89962,168723,,,275.32750205333554,-2.898827971256473,52.4413,-548.903,-700.854,8.9,3.3995,4.856,4.196,3.255,2.295
32349,48915,alfa CMa,Sirius,101.28715538648149,-16.71611579496489,379.21,-546.01,-1223.07,-7.6,-1.0876,-1.481,-1.431,-1.44,-1.42
68933,123139,theta Cen,Menkent,211.67061468132542,-36.36995474332374,55.45,-520.53,-518.06,1.3,2.2226,3.936,3.066,2.055,1.0450000000000002
57632,102647,beta Leo,Denebola,177.2649097561135,14.572058064875003,90.91,-497.68,-114.67,-0.2,2.1605,2.296,2.226,2.136,2.036
63090,112300,delta Vir,Minelauva,193.900869267566,3.3974689038832784,17.4065,-469.714,-53.71,-17.8,3.4405,6.734,4.954,3.383,1.1429999999999998
81693,150680,zeta Her,Tianji,250.32150433146228,31.602718703799262,93.32,-461.52,342.28,-69.9,2.9338,3.667,3.457,2.807,2.107
44127,76644,iota UMa,Talitha,134.80188814549052,48.04182286068597,68.001,-439.836,-214.071,13.0,3.188,3.433,3.363,3.14,2.89
65109,115892,iota Cen,Kulou,200.1492390412708,-36.71229019358236,55.49,-341.11,-86.14,0.1,2.7717,2.848,2.818,2.75,2.73
86974,161797,,,266.61478039842757,27.720711382794654,119.9248,-312.087,-773.179,-15.0,3.5596,4.55,4.16,3.41,2.7
48319,84999,,,147.747325237044,59.03873362227794,28.3783,-294.441,-151.663,33.459999084472656,3.8476,4.191,4.091,3.8,3.4099999999999997
83000,153210,,,254.417072928685,9.375029019266117,37.1125,-292.638,-9.948,-56.5,3.3612,5.7299999999999995,4.55,3.39,2.29
27072,38393,,,86.11579423839719,-22.44838548702698,112.296,-291.757,-368.521,-8.989999771118164,3.6977,4.071,4.071,3.59,3.02
66249,118098,zeta Vir,Heze,203.6732973280346,-0.5958164173981052,43.7467,-276.903,44.621,-5.730000019073486,3.4147,3.5909999999999997,3.4909999999999997,3.377,3.2569999999999997
63608,113226,epsilon Vir,Vindemiatrix,195.54415423062014,10.959148721220014,30.211,-273.793,19.804,-13.9,2.998,4.492,3.762,2.828,1.9979999999999998
49669,87901,alfa Leo,Regulus,152.0929624369395,11.967208776129524,41.13,-248.73,5.59,5.9,1.3232,0.9130000000000001,1.2730000000000001,1.36,1.4600000000000002
63125,112413,alfa2 CVn,Cor Caroli,194.00693995641032,38.31837643523509,32.7227,-233.776,55.035,-3.3,2.8471,2.455,2.775,2.89,3.02
43109,74874,epsilon Hya,Ashlesha,131.69380096845967,6.4188015227537685,25.23,-228.11,-43.82,36.4,3.5004,4.425,4.0649999999999995,3.38,2.5999999999999996
45860,80493,,,140.26375087938058,34.39255929009728,14.7042,-218.723,16.555,37.6,3.252,6.632,4.692,3.142,1.492
56343,100407,,,173.2504788762157,-31.857624438814494,24.9632,-210.158,-41.203,-4.6,3.7025,5.1979999999999995,4.4879999999999995,3.541,2.621
60965,108767,delta Crv,Algorab,187.46606041424585,-16.515432746835973,38.06,-209.276,-139.184,9.0,2.9449,2.843,2.933,2.945,2.985
75695,137909,beta CrB,Nusakan,231.95730858292882,29.105692953691495,27.9256,-202.069,92.412,-18.7,3.7373,4.107,3.997,3.678,3.308
49841,88284,,,152.6469861057207,-12.354081625792585,28.98,-201.27,-99.63,19.4,3.7748,5.539,4.619,3.612,2.652
71908,128898,alfa Cir,Xami,220.62675272024288,-64.97513301393747,60.993,-193.169,-234.982,7.2,3.2465,3.5700000000000003,3.45,3.194,2.934
77952,141891,,,238.78566825809136,-63.43072836262868,80.4854,-187.366,-401.191,0.4,2.9075,3.175,3.125,2.81,2.45
61622,109787,,,189.42568375015966,-48.54130536064259,24.2953,-186.081,-6.757,5.0,3.8752,3.953,3.923,3.874,3.814
61932,110304,,,190.37933367166335,-48.95987151504067,25.06,-185.72,5.79,-5.5,2.146,2.1670000000000003,2.177,2.2,2.21
60260,107446,epsilon Cru,Ginan,185.340033890826,-60.40114813015129,14.1999,-171.223,91.795,-4.6,3.7319,6.608,4.978,3.589,2.199
51986,92139,,,159.32562683334896,-48.2256661854864,37.4339,-164.161,-0.183,19.2,3.9098,4.21,4.14,3.84,3.4899999999999998
59803,106625,gamma Crv,Gienah,183.95154503769945,-17.54193045764559,21.23,-158.61,21.86,-4.2,2.5477,2.133,2.473,2.58,2.68
45238,80007,beta Car,Miaplacidus,138.2999060845166,-69.71720759755696,28.82,-156.47,108.95,-5.0,1.6625,1.772,1.742,1.672,1.652
50372,89021,lambda UMa,Tania Borealis,154.27408023639225,42.914413802980754,14.4594,-152.974,-49.462,13.819999694824219,3.4586,3.539,3.479,3.45,3.4000000000000004
50191,88955,,,153.6839820310268,-42.121941343139454,31.6369,-149.929,49.548,7.070000171661377,3.8653,3.9530000000000003,3.8930000000000002,3.842,3.8120000000000003
46651,82434,,,142.67499823222872,-40.46673934445361,53.15,-147.98,61.35,8.8,3.6577,3.9410000000000003,3.971,3.6,3.17
12706,16970,gamma Cet,Kaffaljidhma,40.82516289877759,3.2358163771600137,40.97,-146.1,-146.12,-5.1,3.5001,3.631,3.561,3.468,3.368
47508,83808,omicron Leo,Subra,145.28763406036273,9.892307897765203,24.1976,-142.621,-37.338,27.0,3.6282,4.2459999999999996,4.036,3.52,2.93
57399,102224,chi UMa,Taiyangshou,176.51255861980317,47.77940424229885,16.4382,-138.297,28.66,-8.5,3.855,6.053000000000001,4.893000000000001,3.712,2.5620000000000003
54061,95689,alfa UMa,Dubhe,165.93196467526832,61.751034687996516,26.54,-134.11,-34.7,-8.9,1.9519,3.7809999999999997,2.8609999999999998,1.8,0.77
41704,71369,omicron UMa,Muscida,127.56612565665085,60.71816822193622,17.9335,-133.644,-107.664,19.8,3.5041,4.746,4.226,3.37,2.5
89642,167618,,,274.4068216618892,-36.7616901642418,23.8859,-131.804,-166.309,0.5,3.1512,6.371,4.6610000000000005,3.079,0.839
51069,90432,,,156.52260893978263,-16.83628860475661,13.371,-128.819,-80.185,39.6,3.9567,7.094,5.274,3.818,2.348
82729,152334,,,253.64585430218924,-42.36131583776259,24.2353,-126.721,-228.837,-18.7,3.7651,6.661,5.011,3.618,2.2479999999999998
55282,98430,,,169.83519729666835,-14.778539835481286,17.017,-122.958,207.083,-5.1,3.7179,5.641,4.671,3.559,2.439
36046,58207,,,111.43164850618756,27.79807970865493,24.0201,-122.06,-85.133,8.4,3.9507,5.664999999999999,4.8149999999999995,3.791,2.7809999999999997
67301,120315,eta UMa,Alkaid,206.8851573434457,49.31326672953626,31.38,-121.17,-14.91,-13.4,1.7994,1.085,1.7550000000000001,1.854,1.9340000000000002
72220,130109,109 Virginis,Maenalus,221.562181028893,1.8928838279756643,24.2814,-115.08,-20.464,-13.050000190734863,3.7371,3.6970000000000005,3.7270000000000003,3.732,3.7220000000000004
32362,48737,xi Gem,Alzirr,101.32235202264398,12.895594959923061,54.1894,-114.564,-191.671,25.3,3.4417,3.862,3.802,3.359,2.879
71075,127762,gamma Boo,Seginus,218.019465333278,38.30824807949625,37.9125,-114.344,151.788,-36.5,3.098,3.351,3.231,3.04,2.87
74395,134505,,,228.07123133995037,-52.0992487045921,28.7616,-112.9,-72.278,-10.0,3.5711,4.983,4.3229999999999995,3.405,2.4949999999999997
76952,140436,gamma CrB A,Baltesha,235.68568963572477,26.295634630793554,22.33,-111.65,49.52,-13.7,3.8233,3.81,3.85,3.83,3.79
72622,130841,alfa2 Lib,Zubenelgenubi,222.7196378915803,-16.041776519834446,43.03,-105.68,-68.4,-10.0,2.7892,2.9839999999999995,2.8939999999999997,2.747,2.5869999999999997
43813,76294,,,133.8484424889252,5.945565211484515,21.3133,-101.037,14.261,22.8,3.2803,4.887,4.087,3.109,2.149
71053,127665,Rho Bootis,Kalasungsang,217.95745554035324,30.37143656952352,19.855,-100.531,119.87,-13.7,3.7331,6.318999999999999,4.879,3.581,2.3609999999999998
77516,141513,,,237.40502901643364,-3.4302043801078144,19.23,-100.28,-25.99,-9.4,3.5411,3.4059999999999997,3.506,3.542,3.5719999999999996
80816,148856,beta Her,Kornephoros,247.55500134099336,21.489610744501686,22.0023,-98.822,-14.869,-25.5,2.9378,4.418,3.728,2.781,1.8410000000000002
74785,135742,beta Lib,Zubeneschamali,229.25172424914246,-9.382914410334685,17.62,-98.1,-19.65,-35.2,2.5739,2.183,2.5429999999999997,2.614,2.694
74376,134481,,,227.98363863460406,-48.7378249873199,17.5888,-97.126,-48.849,23.5,3.8523,3.721,3.851,3.88,3.9
57363,102249,,,176.4017278766567,-66.72875770530202,23.7289,-95.242,34.663,12.279999732971191,3.684,3.941,3.791,3.631,3.461
17378,23249,delta Eri,Rana,55.81208557455635,-9.763391930472942,110.0254,-93.634,744.36,-6.1,3.6796,5.132999999999999,4.443,3.528,2.588
75177,136422,,,230.45153998804443,-36.26137329029815,11.6616,-91.255,-85.736,-29.4,3.6909,6.9719999999999995,5.092,3.558,1.9679999999999997
23875,33111,beta Eri,Cursa,76.96239535462045,-5.086496983969882,36.2456,-88.481,-70.497,-9.2,2.8258,3.045,2.945,2.784,2.6239999999999997
39757,67523,rho Pup,Tureis,121.886034185884,-24.304324131022963,51.3999,-82.886,46.93,45.9,2.9157,3.451,3.261,2.803,2.383
110130,211416,alfa Tuc,Lang-Exster,334.6254684910697,-60.25962954479112,17.7324,-77.0,-32.823,42.2,3.0103,5.808,4.268,2.878,1.508
6537,8512,,,21.00584700839575,-8.183260898756043,29.0339,-76.226,-201.519,17.2,3.7757,5.598,4.668,3.603,2.553
76276,138917,,,233.70060521314434,10.53885562503795,10.8056,-73.952,5.748,-41.5,3.8677,4.1979999999999995,4.068,3.8,3.5
50801,89758,mu UMa,Tania Australis,155.58219865335928,41.49953826402499,17.7987,-73.749,28.259,-20.5,3.1544,6.653,4.763,3.16,1.3900000000000001
73714,133216,sigma Lib,Brachium,226.01756170571136,-25.281969580254803,12.5387,-73.484,-42.632,-4.3,3.3093,6.907,4.9670000000000005,3.293,1.0630000000000002
59316,105707,,,182.53116812747692,-22.619769286173028,10.5984,-72.019,10.637,4.9,3.1761,5.797,4.327,3.001,1.771
41307,71155,,,126.41513277128689,-3.906427216986461,25.3438,-66.738,-23.452,10.0,3.8987,3.866,3.886,3.898,3.918
15900,21120,,,51.203326325989735,9.028869617843737,15.0788,-66.384,-74.413,-21.0,3.77,5.099,4.489,3.602,2.702
32607,50241,,,102.04772967800002,-61.94138911749448,33.78,-66.07,242.97,20.6,3.3114,3.621,3.491,3.266,2.9859999999999998
112724,216228,,,342.4200728828124,66.2004050535091,27.2869,-65.947,-124.967,-12.4,3.6704,5.472,4.572,3.519,2.459
74946,135382,,,229.72742204325203,-68.67954667205797,17.1809,-65.816,-31.187,-3.0,2.8816,2.8659999999999997,2.8859999999999997,2.872,2.832
116727,222404,gamma Cep,Errai,354.8371267187232,77.63236410417623,72.5167,-64.86,171.159,-42.1,3.3767,5.179,4.239,3.208,2.218
54539,96833,,,167.41586789873156,44.49848775670357,23.2272,-62.62,-27.778,-3.8,3.1638,5.258,4.148,3.004,1.914
29655,42995,eta Gem,Propus,93.71940480126128,22.50679434158333,8.48,-62.46,-12.12,19.0,3.2945,6.91,5.25,3.65,0.9499999999999997
88771,165777,,,271.8374368618456,9.563846728390178,38.1263,-61.804,79.004,-21.420000076293945,3.7636,3.989,3.889,3.73,3.55
36377,59717,,,112.3076359864099,-43.30143539315963,17.0234,-61.628,189.627,87.7,3.3757,6.499,4.718999999999999,3.21,1.67
67927,121370,eta Boo,Muphrid,208.67116216802094,18.397720717297478,87.75,-60.95,-356.29,-0.1,2.7957,3.4600000000000004,3.2600000000000002,2.68,2.0300000000000002
54879,97633,theta Leo,Chertan,168.56002362845595,15.4295710877023,20.316,-60.538,-78.675,6.889999866485596,3.3288,3.39,3.33,3.333,3.3230000000000004
61281,109387,,,188.37059715281467,69.78823885677043,7.0093,-58.571,10.11,-11.4,3.8414,3.176,3.746,3.862,3.882
68002,121263,zeta Cen,Leepwal,208.8849401984699,-47.28837451106619,8.54,-57.37,-44.55,6.5,2.4419,1.4489999999999998,2.3689999999999998,2.545,2.725
28360,40183,beta Aur,Menkalinan,89.88217886514563,44.9474325708083,40.21,-56.44,-0.95,-18.2,1.9038,2.0269999999999997,1.9769999999999999,1.9,1.8499999999999999
68756,123299,alfa Dra,Thuban,211.09732332151242,64.37586961908322,12.5156,-56.351,12.329,-13.0,3.6452,3.528,3.608,3.657,3.737
85727,158094,,,262.77463997381915,-60.68384495499885,14.4688,-56.279,-98.714,10.0,3.5681,3.197,3.507,3.611,3.7110000000000003
60129,107259,eta Vir,Zaniah,184.97642665741918,-0.6667961977451161,13.1692,-54.665,-17.642,2.3,3.8992,3.973,3.913,3.887,3.857
93864,177716,,,286.73501297152063,-27.670415635610684,28.3195,-53.001,-253.304,45.4,3.4689,5.6370000000000005,4.487,3.318,2.168
13847,18622,theta1 Eri,Acamar,44.56531815855104,-40.30467763924048,19.9047,-52.273,23.058,12.0,2.9378,3.1740000000000004,3.0340000000000003,2.906,2.736
61199,109026,,,188.11672052053248,-72.13298978761,8.6015,-51.833,-5.664,2.5,3.7903,3.081,3.701,3.858,3.998
36188,58715,beta CMi,Gomeisa,111.78767390623874,8.289315764007654,20.17,-51.76,-38.29,22.0,2.8546,2.5170000000000003,2.797,2.894,2.964
72105,129988,epsilon Boo,Izar,221.24673982451725,27.074222317542453,13.8267,-50.818,21.024,-17.0,2.5167,,3.3440000000000003,2.378,1.4280000000000002
21393,29291,upsilon2 Eri,Theemin,68.88765817242961,-30.562342035284704,15.4501,-49.422,-12.543,-4.0,3.973,5.489,4.769,3.812,2.8819999999999997
88635,165135,gamma2 Sgr,Alnasl,271.45201765501207,-30.424027668779722,32.2697,-48.839,-204.86,22.0,3.1356,4.734999999999999,3.965,2.984,1.994
44511,78004,,,136.03866521319338,-47.09773507660509,10.8265,-47.862,-8.973,24.3,3.9211,6.143,4.923,3.749,2.6390000000000002
83207,153808,epsilon Her,Khepdenreret,255.07238899508394,30.926404224864868,19.7639,-47.603,26.755,-25.1,3.9111,3.797,3.8970000000000002,3.915,3.955
80170,147547,,,245.48006092728448,19.15312853961726,16.867,-47.283,43.139,-30.729999542236328,3.8125,4.279,4.099,3.8,3.46
35350,56537,,,109.5232454986517,16.540385994942046,32.6068,-46.157,-36.007,-15.34000015258789,3.6148,3.788,3.6879999999999997,3.582,3.4619999999999997
47908,84441,,,146.46280673688864,23.774253778183795,14.3394,-46.154,-10.799,4.8,3.1168,4.258,3.7880000000000003,2.98,2.17
90496,169916,lambda Sgr,Kaus Borealis,276.9926705109783,-25.421700513465545,42.9198,-46.152,-185.067,-43.2,2.9838,4.739,3.8489999999999998,2.824,1.7839999999999998
40526,69267,beta Cnc,Tarf,124.12883745280948,9.185543957954062,10.1026,-45.679,-49.505,22.2,3.6714,6.779,5.009,3.528,2.058
79593,146051,delta Oph,Yed Prior,243.58641259106224,-3.694325783862702,20.4113,-45.34,-144.433,-19.8,2.8283,6.278,4.318,2.734,0.9139999999999999
9598,12216,50 Cas,Gang,30.858785160995595,72.42129411517082,20.8391,-43.842,22.548,-14.3,3.9602,3.992,3.962,3.964,3.934
62434,111123,beta Cru,Mimosa,191.93028656195295,-59.68877199622606,11.71,-42.97,-16.18,15.6,1.1537,0.014999999999999902,1.015,1.253,1.523
102395,197051,,,311.23955663886886,-66.20321158575781,23.8011,-42.784,10.173,5.369999885559082,3.4733,3.7039999999999997,3.5839999999999996,3.421,3.2209999999999996
59196,105435,,,182.0896924586902,-50.72243158407838,5.7179,-42.613,-11.135,11.0,2.5241,1.5470000000000002,2.447,2.575,2.6950000000000003
86263,159876,,,264.396665825619,-15.398555764493628,32.8828,-42.378,-59.146,-45.849998474121094,3.6075,3.94,3.8,3.538,3.2479999999999998
65474,116658,alfa Vir,Spica,201.29824736155095,-11.161319485120647,13.06,-42.35,-30.67,1.0,0.8891,-0.18900000000000006,0.741,0.976,1.226
55425,98718,,,170.25173783632124,-54.491101111670616,13.9598,-42.322,7.851,9.4,3.8358,3.153,3.743,3.9,4.06
86742,161096,beta Oph,Cebalrai,265.8681329566075,4.567303667968206,39.2284,-41.793,159.43,-12.0,2.9279,5.178,3.9379999999999997,2.77,1.67
28103,40136,,,89.10122287654507,-14.167699539779568,66.8573,-41.474,139.222,-1.8700000047683716,3.7888,4.06,4.05,3.713,3.323
56211,100029,lambda Dra,Giausar,172.85092364542965,69.3310757281851,8.6458,-41.24,-18.851,7.2,3.9165,7.428999999999999,5.459,3.846,2.056
73555,133208,beta Boo,Nekkar,225.4865095999461,40.39056857096697,13.878,-40.708,-30.168,-19.9,3.6469,5.188,4.468,3.512,2.622
61585,109668,,,189.2959078701846,-69.13556479089252,10.34,-40.2,-12.8,13.0,2.6109,1.682,2.512,2.688,2.918
90185,169022,epsilon Sgr,Kaus Australis,276.042993350951,-34.38461648494518,22.76,-39.42,-124.2,-15.0,1.7986,1.6750000000000003,1.8050000000000002,1.836,1.826
59449,105937,,,182.91299895158568,-52.368440114719895,12.4692,-38.874,-13.28,15.0,3.9086,3.1839999999999997,3.804,3.96,4.13
45101,79447,,,137.8196750644211,-62.316977734692124,6.5438,-37.915,14.941,17.5,3.8999,3.113,3.783,3.963,4.143
60009,106983,,,184.6093419810141,-64.00308537038808,9.2402,-37.431,-6.576,15.8,3.9952,3.195,3.885,4.053,4.233
62322,110879,,,191.56999562079378,-68.10809998944573,10.241,-37.428,-10.578,42.0,2.9789,2.125,2.865,3.043,3.233
59747,106490,delta Cru,Imai,183.7863269975767,-58.748924077417705,7.1681,-36.951,-11.296,22.2,2.7066,1.69,2.6,2.793,3.043
50099,89080,,,153.434252472993,-70.03790644667274,8.2978,-36.548,7.125,7.0,3.2783,2.9050000000000002,3.2350000000000003,3.309,3.339
44471,77327,kappa UMa,Alkaphrah,135.90636507399518,47.15652472714942,9.1,-36.19,-55.4,2.1,3.5778,3.597,3.587,3.58,3.5500000000000003
60718,108248,alfa Cru,Acrux,186.64956340120452,-63.099092857925115,10.13,-35.83,-14.86,-11.2,0.6739,-0.498,0.532,0.775,1.0350000000000001
73273,132058,,,224.63302234983254,-43.13396384896594,8.52,-35.78,-39.83,0.2,2.5982,1.6229999999999998,2.493,2.677,2.907
41312,71878,,,126.43414610975871,-66.13688790151913,30.2128,-35.049,-151.988,27.4,3.9319,6.037,4.897,3.765,2.665
71352,127972,,,218.87676733798278,-42.15782521772148,10.67,-34.73,-32.72,-0.2,2.2729,1.3689999999999998,2.199,2.356,2.526
113136,216627,delta Aqr,Skat,343.6625260758538,-15.820819563301914,23.1451,-34.152,-26.359,10.960000038146973,3.2964,3.421,3.3409999999999997,3.275,3.195
56561,100841,,,173.94532537933918,-63.01983499169174,8.277,-33.863,-7.236,-1.4,3.1068,2.896,3.066,3.11,3.1199999999999997
68702,122451,beta Cen,Hadar,210.95585562274337,-60.37303516156633,8.32,-33.27,-23.16,5.9,0.5366,-0.601,0.379,0.61,0.86
85792,158427,,,262.96038137000744,-49.87614501187673,12.2,-33.27,-67.22,0.0,2.7869,2.0509999999999997,2.7409999999999997,2.877,3.0269999999999997
45688,80081,,,139.7110149130073,36.802595856760036,24.7087,-33.072,-126.187,4.0,3.8299,3.9459999999999997,3.8859999999999997,3.82,3.6999999999999997
46701,82668,,,142.80549230170197,-57.03437645249838,14.6234,-32.615,5.857,-13.9,3.2811,6.572,4.682,3.144,1.554
72607,131873,beta UMi,Kochab,222.67635749796767,74.15550393675127,24.91,-32.61,11.42,17.0,2.2044,5.3260000000000005,3.5460000000000003,2.081,0.621
60823,108483,,,187.00992548523598,-50.230637975457824,7.9249,-32.173,-13.171,8.0,3.8436,2.9369999999999994,3.7169999999999996,3.909,4.109
63003,112092,,,193.64843442163692,-57.17792469913594,8.0152,-31.631,-13.353,13.9,3.9538,3.0919999999999996,3.852,4.032,4.292
38827,65575,,,119.19466705227646,-52.98234546215617,5.6857,-31.368,23.452,19.4,3.3939,2.61,3.28,3.457,3.627
42536,74195,,,130.0733305482661,-52.9219098957057,7.0823,-31.202,21.388,16.1,3.5371,2.788,3.428,3.596,3.7560000000000002
71865,129116,,,220.4899606070654,-37.793494498271066,10.0339,-29.828,-31.914,1.3,3.9422,3.1399999999999997,3.84,3.997,4.177
71536,128345,,,219.47177567176303,-49.42582828777608,9.3484,-28.921,-29.213,8.0,3.9964,3.3239999999999994,3.8839999999999995,4.036,4.196
37740,62345,,,116.11184921742309,24.397996471829146,22.0907,-28.403,-50.675,20.6,3.7285,5.198,4.508,3.576,2.676
35550,56986,delta Gem,Wasat,110.0307273575437,21.982304049628745,53.7692,-27.722,-14.702,0.15000000596046448,3.6031,3.914,3.874,3.5,3.06
43783,76728,,,133.76186707488577,-60.644609515415894,11.1941,-27.572,38.513,22.65999984741211,3.8046,3.2809999999999997,3.731,3.835,3.915
84380,156283,pi Her,Nuchuang,258.7618093593643,36.80916154794314,8.8991,-27.402,2.925,-25.5,3.3121,6.26,4.6,3.163,1.8529999999999998
95168,181577,,,290.41816610094094,-17.847198586327224,25.0011,-26.658,21.579,1.2,3.9884,4.279,4.149,3.921,3.671
55219,98262,nu UMa,Alula Borealis,169.61973836028864,33.0943060701888,7.9823,-26.139,27.892,-9.2,3.6375,6.457,4.907,3.507,2.137
67464,120307,nu Cen,Heng,207.37615211647793,-41.68770853082735,8.0476,-26.137,-21.226,9.0,3.3237,2.341,3.181,3.406,3.646
50371,89388,,,154.27073139734736,-61.33230464027471,4.3046,-25.587,5.812,8.2,3.5298,6.617999999999999,4.898,3.357,1.9070000000000003
41037,71129,epsilon Car,Avior,125.62848024266113,-59.509484191887424,5.39,-25.52,22.06,11.6,1.9996,3.246,3.056,1.86,0.7000000000000002
68245,121743,,,209.56777574016644,-42.1007569185879,7.1002,-24.169,-19.294,5.7,3.7448,2.7649999999999997,3.5949999999999998,3.819,4.049
44816,78647,lambda Vel,Suhail,136.99899113791412,-43.43259090886075,5.99,-24.01,13.52,18.5,2.3385,5.679,3.869,2.204,0.5140000000000002
87108,161868,gamma Oph,Bake-eo,266.97316912274994,2.707279123987549,33.6174,-23.936,-74.462,-12.3100004196167,3.7637,3.83,3.79,3.747,3.697
67472,120324,,,207.40411953306477,-42.473733407621786,7.3269,-23.04,-18.361,9.1,3.3969,2.3,3.02,3.19,3.4
30277,44762,,,95.52843728715122,-33.43639894804896,15.049,-22.946,-52.045,-0.8100000023841858,3.9932,5.224,4.704,3.846,2.966
84379,156164,delta Her,Sarin,258.75795962345575,24.839203131437156,42.4808,-20.954,-156.767,-40.0,3.1501,3.2830000000000004,3.2030000000000003,3.123,3.063
93805,177756,,,286.5622443930443,-4.88256274688129,25.6409,-19.12,-89.427,-12.0,3.4026,3.064,3.334,3.43,3.52
51576,91465,,,158.0061045505443,-61.68533195096896,6.4438,-18.348,10.266,26.0,3.3225,2.4909999999999997,3.211,3.3,3.28
24674,34503,,,79.40162640055468,-6.8444074418035,6.0147,-17.727,-9.612,20.1,3.5544,3.005,3.4749999999999996,3.59,3.69
6867,9053,,,22.091369521266675,-43.31823474110348,13.3612,-17.72,-206.864,25.8,3.5329,6.806000000000001,4.956,3.414,1.6840000000000002
78384,143118,,,240.0305329821337,-38.39670506087994,7.5942,-17.593,-27.256,7.7,3.3398,2.384,3.214,3.42,3.65
37229,61555,,,114.70779472058038,-26.80384716294869,8.3058,-17.567,21.662,33.0,3.7439,3.091,3.661,3.82,3.9699999999999998
83081,152786,,,254.6550522316881,-55.990138862998265,5.7725,-17.518,-36.12,-6.0,3.2393,6.643,4.673,3.121,1.521
90422,169467,,,276.74340176805,-45.96845775554546,11.6696,-17.31,-53.512,-0.2,3.4234,2.676,3.3160000000000003,3.495,3.6750000000000003
78104,142669,rho Sco,Iklil,239.22115499928694,-29.214074442399838,7.3218,-17.026,-23.657,-0.4,3.8095,2.8600000000000003,3.68,3.879,4.059
83895,155763,zeta Dra,Aldhibah,257.1966155432963,65.7146453262387,7.8274,-16.55,32.757,-17.0,3.1359,2.6209999999999996,3.0509999999999997,3.171,3.311
52419,93030,,,160.7391511499267,-64.39445028529492,7.6371,-16.541,10.002,24.0,2.6536,1.5339999999999996,2.5439999999999996,2.764,3.0039999999999996
80331,148387,eta Dra,Athebyne,245.99785969856245,61.51420976043351,35.7163,-16.394,57.094,-14.3,2.8717,4.337,3.637,2.727,1.887
76470,139063,,,234.25603706807198,-28.13511046215452,15.5267,-16.261,11.711,-24.9,3.7471,6.537,4.957,3.596,2.2359999999999998
85670,159181,beta Dra,Rastaban,262.60817479804865,52.301392849562006,8.9198,-16.126,11.358,-20.0,2.9466,4.393,3.753,2.799,1.8689999999999998
77634,141556,,,237.73977226248735,-33.62714676332395,15.9039,-16.008,-40.245,5.0,3.9547,3.781,3.911,3.956,4.006
75097,137422,gamma UMi,Pherkad,230.18209805492052,71.83402545319261,6.5959,-15.908,17.146,-3.9,3.0449,3.225,3.105,3.047,2.927
66657,118716,,,204.97190723088963,-53.466391146094814,7.63,-15.3,-11.72,3.0,2.2097,1.2120000000000002,2.132,2.303,2.533
46390,81797,alfa Hya,Alphard,141.89684459588557,-8.658599531803736,18.09,-15.23,34.37,-4.4,2.135,5.137,3.417,1.977,0.5870000000000002
17529,23230,,,56.298469729933046,42.578530426026035,5.4766,-15.116,2.461,-11.800000190734863,3.8717,4.512,4.202,3.777,3.257
42828,74575,,,130.89807262734274,-33.1863832814037,4.1089,-14.613,10.012,15.3,3.6188,2.6189999999999998,3.4989999999999997,3.679,3.8489999999999998
1562,1522,,,4.85697664634129,-8.823919160865398,11.6996,-14.61,-36.668,18.6,3.7314,6.023,4.773,3.559,2.4290000000000003
27288,38678,zet Lep,Darlugal,86.7389223525983,-14.821950156821906,44.794,-14.203,-0.776,20.0,3.5778,3.7199999999999998,3.65,3.546,3.436
14328,18925,,,46.1992504664113,53.50646183345861,14.1252,-14.194,-8.684,2.5,3.0586,4.096,3.646,2.93,2.16
51232,90853,,,156.969707389448,-58.739406176298594,2.1111,-14.023,2.314,10.539999961853027,3.8953,4.375,4.135,3.818,3.408
45080,79351,,,137.7420220685939,-58.96690055416299,7.9481,-13.688,13.587,23.3,3.3666,2.542,3.242,3.432,3.602
48774,86440,,,149.2155868701603,-54.56778819153332,1.903,-13.378,4.11,13.9,3.5031,2.7929999999999997,3.413,3.48,3.52
79992,147394,tau Her,Asuusiha,244.935153328256,46.31336170267319,10.1626,-13.162,38.546,-15.3,3.8472,3.185,3.745,3.896,4.086
48002,85123,,,146.77549469903443,-65.07200717567387,3.7373,-13.012,7.638,14.0,3.0186,3.373,3.193,2.92,2.5
47854,84810,,,146.31171543538224,-62.50790286462882,1.9842,-12.697,7.988,3.3,3.9414,6.56,5.71,4.7,3.67
69996,125238,,,214.85092150400894,-46.05809425870196,9.3286,-12.52,-5.148,21.6,3.4849,2.649,3.3689999999999998,3.553,3.733
78265,143018,pi Sco,Fang,239.71296609942036,-26.114110377568117,9.6733,-12.399,-26.21,-3.0,2.8274,1.8159999999999998,2.726,2.906,3.0860000000000003
82545,151985,mu2 Sco,Pipirima,253.08393816010576,-38.017536240859116,5.6632,-12.114,-22.57,1.4,3.4829,2.5,3.35,3.56,3.77
80763,148478,alfa Sco,Antares,247.35191541983235,-26.432002611940682,5.89,-12.11,-23.3,-3.0,0.9757,4.225,2.885,1.02,-1.88
43023,75063,,,131.50685141717565,-46.041528170378974,2.3017,-11.936,4.726,22.729999542236328,3.9006,3.8670000000000004,3.9170000000000003,3.902,3.8120000000000003
38414,64440,,,118.05429938114837,-40.57578173117621,8.9838,-11.774,7.368,24.0,3.8645,5.505,4.725,3.714,2.674
35037,56139,,,108.70272505559352,-26.77266755583826,3.561,-11.617,8.109,23.0,3.9854,3.0100000000000002,3.74,3.89,3.97
35264,56855,,,109.28565865855285,-37.09747346304036,5.7621,-11.562,6.52,15.8,2.8296,5.562,4.322,2.706,1.056
37819,63032,,,116.31373389337793,-37.96858525835283,2.946,-10.54,5.584,17.1,3.72,7.027,5.307,3.601,1.781
86929,160635,,,266.43328165123853,-64.723871463841,8.8653,-10.483,-56.54,-7.6,3.77,5.939,4.769,3.608,2.518
82514,151890,mu1 Sco,Xamidimura,252.96761814409905,-38.04739946341527,1.8732,-10.451,-18.315,-25.0,2.9245,2.01,2.88,3.08,3.2800000000000002
14135,18884,alfa Cet,Menkar,45.56988780332224,4.089738771805158,13.09,-10.41,-76.85,-25.8,2.6196,6.096,4.156,2.526,0.5559999999999998
78933,144470,,,241.70177077618155,-20.669188851927633,7.0956,-10.231,-23.489,-3.1,3.9307,3.101,3.911,3.957,3.947
78401,143275,delta Sco,Dschubba,240.08335534567004,-22.621706425969982,6.64,-10.21,-35.41,-7.0,2.2617,1.2889999999999997,2.199,2.316,2.4059999999999997
75141,136298,,,230.34297426976408,-40.647530370486464,6.7296,-9.163,-17.377,0.2,3.1417,2.099,2.9890000000000003,3.216,3.446
32759,50013,,,102.4602463044344,-32.508478837831184,4.83,-8.957,4.464,14.0,3.4644,2.864,3.784,3.9,4.0
88714,165024,,,271.6577841461987,-50.09147988220771,2.947,-8.709,-9.672,3.4,3.6327,2.7279999999999998,3.578,3.679,3.739
85927,158926,lambda Sco,Shaula,263.40216718438415,-37.103823551108285,5.71,-8.53,-30.8,-3.0,1.5244,0.499,1.389,1.62,1.86
87833,164058,gamma Dra,Eltanin,269.1515411786243,51.48889561763423,21.14,-8.48,-22.79,-27.6,2.3617,5.622,3.752,2.231,0.6909999999999998
75458,137759,iota Dra,Edasich,231.23239085476848,58.966065864519706,32.5239,-8.183,17.296,-10.7,3.4638,5.677,4.457,3.291,2.221
25336,35468,gamma Ori,Bellatrix,81.28276355652378,6.349703264444067,12.92,-8.11,-12.88,18.2,1.5493,0.5419999999999999,1.412,1.636,1.8559999999999999
85258,157244,,,261.3249491874931,-55.52988168592267,4.5601,-8.039,-25.927,-0.4,2.9935,5.879,4.319,2.84,1.3399999999999999
88048,163917,,,269.75663422560393,-9.773633606453803,22.9031,-7.707,-116.38,12.6,3.4871,5.2,4.32,3.333,2.383
84345,156014,alfa1 Her,Rasalgethi,258.66190909203993,14.390340610138184,9.07,-7.32,36.07,-32.5,2.9137,5.754,4.744,3.58,2.45
86414,160762,,,264.86619540970713,46.00633138487697,6.5157,-6.929,3.682,-20.0,3.7497,2.931,3.621,3.8,4.01
93747,177724,zeta Aql,Okab,286.3525350755847,13.863479540930376,38.2329,-6.575,-95.909,-25.0,2.9935,2.99,3.0,2.986,2.996
18724,25204,lambda Tau,Bibing,60.1700698894974,12.490344439388354,8.0397,-6.562,-12.591,17.8,3.3774,2.731,3.351,3.45,3.5300000000000002
30867,45725,,,97.20446000874294,-7.033059395041319,4.7209,-6.518,-2.956,17.0,3.7921,3.017,3.647,3.76,3.8699999999999997
51624,91316,rho Leo,Shaomin,158.2027932939125,9.306584816295528,1.5913,-6.35,-3.3,43.97999954223633,3.7965,2.766,3.726,3.874,4.0040000000000004
42570,74180,,,130.15654669818338,-46.648740107433156,0.4312,-6.124,4.473,25.3,3.929,4.77,4.47,3.8,2.88
39953,68273,,,122.38312555977059,-47.33658632930349,2.92,-6.07,10.43,12.0,1.7034,0.6579999999999999,1.648,1.793,1.9329999999999998
25606,36079,beta Lep,Nihal,82.06134536842409,-20.759443885070063,20.8697,-5.748,-83.65,-13.5,2.9674,4.1000000000000005,3.64,2.833,1.9730000000000003
33856,52877,sigma CMa,Nganurganity,105.42978350065992,-27.93483034216036,2.5085,-5.714,4.89,22.5,3.5847,7.0729999999999995,5.193,3.464,1.644
72370,129078,alfa Aps,Paradys,221.96546288924858,-79.04475355325654,6.5509,-5.133,-16.299,-1.1,3.9796,6.939,5.259,3.826,2.406
32246,48329,epsilon Gem,Mebsuta,100.98302979480303,25.131127191943655,3.7477,-4.853,-11.78,10.3,3.1915,5.837,4.377,3.0,1.78
105881,204075,,,321.66679439709765,-22.411320345165606,7.3711,-3.867,23.703,3.0,3.9246,5.336,4.746,3.744,2.8640000000000003
104732,202109,,,318.23410829195245,30.226898678885213,21.813,-3.792,-45.429,17.4,3.3743,4.9559999999999995,4.196,3.206,2.2359999999999998
38170,63700,xi Pup,Azmidi,117.32355646601955,-24.859783881376732,3.0059,-3.61,-2.579,2.0,3.5109,5.721,4.561,3.343,2.263
85267,157246,,,261.3485841393366,-56.377730224044456,3.9387,-3.583,-12.641,-4.53000020980835,3.271,2.213,3.173,3.323,3.443
30324,44743,beta CMa,Mirzam,95.67493896735193,-17.95591870583316,6.62,-3.23,-0.78,33.7,1.8911,0.756,1.736,1.976,2.216
34444,54605,delta CMa,Wezen,107.0978502142335,-26.39319957486086,2.03,-3.12,3.31,34.3,1.9628,3.0410000000000004,2.5010000000000003,1.83,1.1600000000000001
93194,176437,gamma Lyr,Sulafat,284.73592734619723,32.68955573887235,4.9656,-2.98,1.689,-19.549999237060547,3.2342,3.108,3.198,3.247,3.2769999999999997
26241,37043,iota Ori,Hatysa,83.8582758060504,-5.909888523645415,1.9969,-2.816,-1.693,21.5,2.6706,1.48,2.56,2.77,2.99
85696,158408,upsilon Sco,Lesath,262.69098800890873,-37.29581347541644,5.66,-2.37,-30.09,8.0,2.6043,1.6970000000000005,2.5170000000000003,2.696,2.926
33018,50019,,,103.19724526059659,33.96125675922633,16.8701,-1.705,-47.193,33.369998931884766,3.6405,3.841,3.701,3.599,3.459
22549,30836,,,72.80152405525446,5.605103848652172,3.8715,-1.7,1.003,23.3,3.6236,2.714,3.524,3.681,3.841
94141,178524,pi Sgr,Albaldah,287.4409743710617,-21.02361509458877,6.241,-1.353,-36.817,-9.8,2.9664,3.4970000000000003,3.277,2.9,2.46
33977,53138,,,105.75613058865667,-23.833293974142087,0.8715,-1.335,3.803,53.880001068115234,3.005,2.1550000000000002,2.955,3.032,3.062
49583,87737,,,151.83313496618868,16.76266332387105,1.7965,-1.118,-0.655,0.8999999761581421,3.5034,3.2769999999999997,3.4869999999999997,3.518,3.4579999999999997
26069,37350,,,83.40631655232076,-62.48982679498543,2.9308,-0.611,12.95,7.059999942779541,3.903,5.069999999999999,4.52,3.88,3.19
31685,47670,nu Pup,Pipit,99.440302608094,-43.19593568687885,8.8194,-0.537,-3.859,31.459999084472656,3.1395,2.6599999999999997,3.07,3.173,3.243
25281,35411,,,81.11923919988683,-2.397146950853332,1.5783,-0.483,-1.248,19.8,3.2919,2.1900000000000004,3.1100000000000003,3.35,3.5100000000000002
88794,166014,,,271.88562963456945,28.76249106413444,9.3487,-0.018,8.153,-29.5,3.8384,3.744,3.814,3.832,3.852
87073,161471,,,266.8961644577568,-40.126997363637784,1.4177,0.005,-5.396,-27.6,3.1092,3.8009999999999997,3.5309999999999997,3.022,2.3819999999999997
1067,886,gamma Peg,Algenib,3.3089681186190383,15.18359843033888,6.9474,0.492,-10.73,4.0,2.7544,1.774,2.644,2.834,3.0540000000000003
22797,31237,,,73.5629043515028,2.440671660164442,3.2945,0.561,1.34,23.4,3.647,2.6990000000000003,3.5290000000000004,3.708,3.8880000000000003
21444,29248,,,69.07975799238525,-3.352460485526659,4.7961,0.865,-4.665,14.9,3.8713,2.83,3.72,3.93,4.13
23416,31964,epsilon Aur,Almaaz,75.49222653593304,43.8233103105921,0.9879,0.883,-3.065,-2.5,3.1457,3.927,3.597,3.06,2.45
88192,164353,,,270.1613157876091,2.931564836206658,1.3731,0.935,-8.772,-4.7,3.9704,3.3689999999999998,3.989,3.96,3.86
61359,109379,beta Crv,Kraz,188.59681217796754,-23.396760216062134,22.0049,1.116,-56.704,-7.0,2.8099,4.141,3.5410000000000004,2.648,1.7680000000000002
24436,34085,beta Ori,Rigel,78.63446706693006,-8.201638364722209,3.78,1.31,0.5,20.7,0.193,-0.5900000000000001,0.07,0.1,0.07
26311,37128,epsilon Ori,Alnilam,84.05338894077023,-1.2019191358333312,1.65,1.44,-0.78,25.9,1.6235,0.47,1.51,1.694,1.8539999999999999
26551,,,,84.69010556411025,-2.59969296825998,2.4744,1.618,0.036,0.0,3.7103,,6.632000000000001,6.812,6.982
26634,37795,alfa Col,Phact,84.91225471926292,-34.07410427244967,11.4008,1.685,-24.345,35.0,2.6124,2.072,2.532,2.652,2.722
99675,192577,,,303.4079509865522,46.74132267076277,2.9167,1.744,3.39,-6.9,3.9123,5.49,5.07,3.8,2.65
102098,197345,alfa Cyg,Deneb,310.3579797530768,45.280338806527574,2.31,2.01,1.85,-4.5,1.2966,1.098,1.338,1.246,1.086
92420,174638,beta Lyr,Sheliak,282.5199797679527,33.3626667710873,3.5982,2.045,-3.685,-29.479999542236328,3.5618,3.243,3.803,3.8,3.78
95241,181454,beta1 Sgr,Arkab Prior,290.65958005107984,-44.45895838620303,8.3782,2.89,-18.125,-6.829999923706055,3.9357,3.4419999999999997,3.832,3.917,3.9869999999999997
26207,36861,lambda Ori,Meissa,83.78448366948011,9.934164257386415,2.5936,2.896,-3.183,32.9,3.3298,2.2,3.23,3.39,3.52
14576,19356,beta Per,Algol,47.04221855287531,40.95564667527738,36.27,2.99,-1.66,4.0,2.0969,1.9369999999999998,2.307,2.31,2.29
26727,37742,zeta Ori,Alnitak,85.18969442793068,-1.9425735859722049,4.43,3.19,2.03,18.6,1.6812,0.4969999999999999,1.567,1.766,1.946
33579,52089,epsilon CMa,Adhara,104.65645315148348,-28.972086157360806,8.05,3.24,1.33,27.3,1.416,0.3609999999999999,1.291,1.502,1.702
25985,36673,alfa Lep,Arneb,83.18256913775295,-17.822288850324927,1.6817,3.364,1.484,24.7,2.6426,3.0229999999999997,2.7929999999999997,2.582,2.262
107259,206936,?? Cep,Garnet Star,325.87691481898423,58.78004609222442,0.119,3.439,-4.108,19.4,3.9123,9.202,6.782,4.54,0.9700000000000002
23015,31398,iota Aur,Hassaleh,74.24841676022214,33.16609377207725,7.2491,3.817,-17.786,17.5,2.8337,5.963,4.183,2.693,1.233
95947,183912,beta Cyg,Albireo,292.68031501583545,27.959673630291125,8.9816,4.915,-11.127,-24.0,3.2177,4.788,4.168,3.08,2.0300000000000002
27321,39060,,,86.82119802632471,-51.06650977336987,50.9307,5.16,84.041,16.84000015258789,3.9077,4.1209999999999996,4.021,3.85,3.67
18907,25490,,,60.78907977756283,5.989300702042845,26.4293,5.192,-3.873,-3.5799999237060547,3.9203,4.006,3.936,3.904,3.874
86228,159532,theta Sco,Sargas,264.32970772079324,-42.99782799333185,10.86,5.54,-3.12,1.4,1.9269,2.4850000000000003,2.265,1.859,1.379
30122,44402,zeta CMa,Furud,95.07830609760855,-30.063367659191865,9.4922,6.084,4.247,32.2,2.9524,2.1419999999999995,2.8619999999999997,3.022,3.222
17448,23180,omicron Per,Atik,56.079724036998144,32.28824648963929,3.0224,6.091,-9.732,18.5,3.8583,3.11,3.86,3.838,3.718
100751,193924,alfa Pav,Peacock,306.41190436520856,-56.73508972638515,18.24,6.9,-86.02,2.0,1.8583,1.112,1.822,1.94,2.04
18246,24398,,,58.53300597333181,31.88363524057099,3.8556,7.274,-9.141,20.3,2.898,2.391,3.161,2.89,2.71
97365,187076,,,296.8469399887539,18.534313572103603,5.9674,7.277,0.318,2.5,3.8364,6.053,5.093,3.78,2.51
104060,200905,,,316.2327497326691,43.92785335029652,2.8363,10.062,0.861,-19.7,3.8343,7.139,5.309,3.7,2.0700000000000003
81377,149757,,,249.2897502447224,-10.567086041560922,7.4088,10.465,24.742,-9.0,2.5708,1.749,2.609,2.571,2.471
8796,11443,alfa Tri,Mothallah,28.2704462295018,29.578827806663266,51.5,10.82,-234.24,-16.2,3.521,3.964,3.904,3.416,2.8659999999999997
101421,195810,epsilon Del,Aldulfin,308.30322026796034,11.303266389363673,8.9149,10.915,-19.606,-19.3,3.9978,3.439,3.909,4.032,4.132
103413,199629,,,314.29341137611743,41.167130952994206,7.9568,11.263,-6.735,-27.6,3.9504,3.966,3.966,3.939,3.9290000000000003
23453,32068,zeta Aur,Saclateni,75.61951434317737,41.075831987432466,1.4244,12.093,-19.324,12.8,3.8549,5.274,4.894,3.74,2.62
109492,210745,,,332.71365710630516,58.201261833245944,3.2972,13.359,5.275,-19.1,3.512,6.668,4.958,3.4,1.8199999999999998
31681,47105,gamma Gem,Alhena,99.42796042942895,16.399280426663772,29.84,13.81,-54.96,-12.7,1.929,1.9689999999999999,1.9289999999999998,1.928,1.888
112961,216386,lambda Aqr,Shatabhisha,343.1536418540142,-7.579596922474865,8.936,14.964,32.742,-8.8,3.8072,7.107,5.367,3.741,1.6710000000000003
22109,30211,,,71.37563094879008,-3.254659813208882,5.8125,15.08,-12.764,15.789999961853027,3.9696,3.2639999999999993,3.8639999999999994,4.012,4.1419999999999995
92855,175191,sigma Sgr,Nunki,283.8163604064343,-26.296724114577493,14.32,15.14,-53.43,-11.2,2.0095,1.182,1.932,2.066,2.1959999999999997
97278,186791,gamma Aql,Tarazed,296.56491230809087,10.613258721599266,5.5899,16.233,-1.354,-1.4,2.8695,5.904999999999999,4.225,2.718,1.278
13268,17506,eta Per,Miram,42.674208222251245,55.895494367561994,3.2657,16.346,-13.518,-1.3,3.896,7.3469999999999995,5.457,3.767,2.127
18532,24760,epsilon Per,Aldu,59.463497424425114,40.01019978225339,5.3316,16.845,-23.554,0.8,2.8348,1.699,2.689,2.888,3.078
2920,3360,zeta Cas,Fulu,9.242852031721329,53.89691044585251,6.6657,17.444,-9.523,1.6,3.6112,2.6039999999999996,3.4739999999999998,3.67,3.9
82273,150798,alfa TrA,Atria,252.16622950735024,-69.02771184690093,8.35,17.99,-31.58,-3.3,2.0711,4.917,3.357,1.91,0.45999999999999996
109074,209750,alfa Aqr,Sadalmelik,331.44598144292036,-0.3198509555552231,4.9451,18.59,-10.45,7.2,3.108,4.653,3.913,2.944,2.024
113726,217675,omicron And,Alfarasalkamil,345.48027081190344,42.32601551601871,9.3051,18.841,-6.589,-14.0,3.6041,2.9909999999999997,3.521,3.62,3.67
17847,23850,27 Tau,Atlas,57.2905960740636,24.053417132194213,8.1184,19.079,-46.193,8.5,3.6084,3.1900000000000004,3.5500000000000003,3.62,3.65
106278,204867,beta Aqr,Sadalsuud,322.8897169820228,-5.571174827813794,5.9728,19.214,-8.163,6.7,3.0404,4.287,3.727,2.899,2.079
17702,23630,eta Tau,Alcyone,56.871152307665874,24.10513564763026,8.09,19.34,-43.67,9.5,2.848,2.4470000000000005,2.7870000000000004,2.873,2.883
17573,23408,20 Tau,Maia,56.456700643947784,24.367743766912486,7.6713,19.516,-45.527,16.290000915527344,3.8591,3.412,3.812,3.875,3.895
30438,45348,alfa Car,Canopus,95.98795782918306,-52.69566138386201,10.55,19.93,23.24,20.5,-0.5536,-0.472,-0.572,-0.736,-0.966
112158,215182,eta Peg,Matar,340.75053685416833,30.22121471339556,16.6308,19.957,-18.971,4.3,3.0897,4.35,3.8,2.948,2.078
92862,175865,,,283.83375974156183,43.94608958149153,10.4404,20.136,81.349,-28.3,3.9348,7.437,6.027,4.63,1.4899999999999998
103227,198700,,,313.70249205056075,-58.45414476115417,5.6426,20.213,-24.649,-4.9,3.834,6.122999999999999,4.893,3.643,2.5329999999999995
5348,6882,zeta Phe,Wurren,17.096169101466934,-55.24576000440909,11.208,20.375,31.739,15.4,3.9219,3.46,3.87,3.99,4.07
17499,23302,17 Tau,Electra,56.218904538380116,24.113337848021885,8.3457,20.542,-46.081,4.800000190734863,3.6857,3.1990000000000003,3.599,3.704,3.794
95853,184006,,,292.4264926162722,51.72977792025322,26.6363,20.804,127.895,-19.5,3.8136,4.045,3.935,3.787,3.6069999999999998
50335,89025,zeta Leo,Adhafera,154.17256318428917,23.417316988831015,14.0377,21.161,-8.263,-12.319999694824219,3.5096,3.942,3.742,3.435,3.045
19343,25940,,,62.16538987042044,47.71251055934739,6.3756,21.568,-32.381,0.8,3.9864,3.4589999999999996,4.0089999999999995,4.034,3.9539999999999997
84143,155203,,,258.0383087277144,-43.23918953268225,44.5711,21.616,-287.978,-27.0,3.4149,3.8529999999999998,3.763,3.322,2.8520000000000003
25428,35497,beta Tau,Elnath,81.57297133189135,28.607451724152114,24.36,22.76,-173.58,9.2,1.6151,1.03,1.52,1.65,1.74
34481,55865,,,107.18694039658709,-70.49893040348064,24.4775,23.62,108.653,2.8,3.9295,5.662,4.782,3.776,2.836
15863,20902,alfa Per,Mirfak,51.08070871693692,49.8611792964933,6.44,23.75,-26.23,-2.3,1.8972,2.646,2.276,1.795,1.165
23685,32887,eps Lep,Ping,76.3652683611614,-22.371034486913413,15.5999,24.049,-74.951,1.0,3.3215,6.417000000000001,4.6370000000000005,3.177,1.677
8068,10516,phi Per,Dajiangjunbei,25.91515820522063,50.6887314256081,5.4048,24.713,-13.938,0.8,3.9801,3.0340000000000003,3.9640000000000004,4.062,4.142
107315,206778,epsilon Peg,Enif,326.0464839145384,9.875008649437941,4.73,26.92,0.44,5.2,2.546,5.32,3.62,2.1,0.6800000000000002
27989,39801,alfa Ori,Betelgeuse,88.79293899077537,7.407063995272694,6.55,27.54,11.3,21.0,0.4997,4.43,2.37,0.87,-1.4499999999999997
61084,108903,gamma Cru,Gacrux,187.79149837649925,-57.113213461603095,36.83,28.23,-265.08,21.3,1.6299,5.0040000000000004,3.224,1.624,-0.746
7097,9270,eta Psc,Alpherg,22.870867449015382,15.345831844659127,8.7335,28.584,-3.217,14.7,3.7914,5.342,4.592,3.618,2.678
42913,74956,delta Vel,Alsephina,131.17594410278954,-54.708819247855445,40.49,28.99,-103.35,2.2,1.9511,2.0669999999999997,1.9969999999999999,1.954,1.904
17358,22928,delta Per,Sarvvis,55.731220019863315,47.78749673856422,6.2435,29.038,-23.365,4.0,2.9703,2.375,2.885,3.01,3.0799999999999996
8886,11415,epsilon Cas,Segin,28.598892030574266,63.67010006735507,7.0037,29.587,-18.387,-8.1,3.3107,2.618,3.218,3.368,3.488
23767,32630,eta Aur,Haedus,76.62872558668528,41.23447574121275,14.0208,29.771,-68.325,7.3,3.116,2.352,3.022,3.17,3.34
95347,181869,alfa Sgr,Rukbat,290.9715641597258,-40.61593720200062,18.1088,31.79,-120.087,-0.7,3.9295,3.529,3.859,3.964,4.064
32768,50310,,,102.4840381066749,-50.61453869633439,18.7577,32.618,-69.566,36.4,3.1077,5.348,4.138,2.931,1.7910000000000001
89931,168454,delta Sgr,Kaus Media,275.2485120568468,-29.828102262456532,7.8468,33.212,-27.361,-20.0,2.8654,5.63,4.08,2.7,1.35
93085,175775,,,284.43250078750157,-21.106657596054134,8.4092,33.52,-13.552,-19.9,3.688,5.795,4.665,3.514,2.4239999999999995
102618,198001,epsilon Aqr,Albali,311.9189565524099,-9.495776924775711,13.3619,33.923,-34.936,-19.81999969482422,3.7818,3.792,3.772,3.772,3.7819999999999996
81833,150997,,,250.7240206037427,38.922254921568076,29.2595,35.482,-85.395,8.3,3.6411,5.011,4.4110000000000005,3.495,2.605
99473,191692,theta Aql,Antinous,302.8261945478428,-0.8214635936535375,14.2687,35.582,4.596,-27.3,3.2245,3.032,3.172,3.238,3.298
82363,151249,,,252.44648454421403,-59.04137934553538,10.6993,38.99,-26.095,9.0,3.876,7.254,5.314,3.752,2.082
8645,11353,zeta Cet,Baten Kaitos,27.865130617993845,-10.33503106408366,12.877,39.752,-40.956,9.0,3.9067,5.931,4.861,3.725,2.6550000000000002
84012,155125,eta Oph,Sabik,257.5945287105907,-15.724906641782178,36.91,40.13,99.17,-2.4,2.4393,2.579,2.4890000000000003,2.43,2.37
87261,161892,G Sco,Fuyue,267.4645037429402,-37.04327637836581,24.734,41.717,11.975,24.7,3.3521,5.584,4.394,3.202,2.052
97165,186882,delta Cyg,Fawaris,296.24365384535173,45.13081463027309,21.1474,41.87,47.298,-20.1,2.8683,2.758,2.858,2.86,2.88
9640,12533,gamma And,Almach,30.974801206539734,42.32972842352701,8.3,42.32,-49.3,-11.5,2.2409,5.21,3.63,2.26,0.8899999999999997
24305,33904,mu. Lep,Bade,78.23292901733751,-16.205463499061548,19.1775,42.803,-16.017,26.200000762939453,3.2528,2.69,3.08,3.19,3.28
68895,123123,,,211.59290834800277,-26.682361576738106,30.8889,43.381,-140.951,27.2,3.4187,5.396,4.356,3.265,2.165
28380,40312,theta Aur,Mahasim,89.93029217610834,37.21258462923103,19.7,43.63,-73.79,29.3,2.6103,2.3859999999999997,2.566,2.649,2.709
100345,193495,beta1 Cap,Dabih,305.25277749443865,-14.781407601071411,8.3966,44.133,0.36,-19.0,3.2104,4.15,3.87,3.08,2.18
11767,8890,alfa UMi,Polaris,37.954560660307585,89.2641089699757,7.54,44.48,-11.85,-17.4,2.1077,3.006,2.626,1.99,1.29
19780,27256,alfa Ret,Rhombus,63.606125014112145,-62.473803491098145,20.3431,45.069,42.948,35.5,3.4953,4.8790000000000004,4.2490000000000006,3.334,2.424
98036,188512,beta Aql,Alshain,298.8283035112785,6.406764234350372,73.5249,45.944,-480.965,-39.7,3.8668,5.054,4.574,3.719,2.8289999999999997
3179,3712,alfa Cas,Schedar,10.126846004832842,56.53732921538281,14.091,49.126,-31.595,-3.9,2.4107,4.525,3.395,2.225,1.0950000000000002
92041,173300,,,281.4141087664965,-26.990776234654966,13.63,50.61,1.22,21.5,3.1339,2.705,3.065,3.172,3.2720000000000002
17678,24512,,,56.809752757832186,-74.23896287340615,15.0793,50.799,114.791,15.8,3.342,6.817,4.827,3.237,1.2970000000000002
101772,196171,,,309.3918007158447,-47.29150145080464,32.8989,50.922,66.026,-1.3,3.2707,4.896,4.106,3.108,2.128
71795,129246,,,220.28729823064808,13.728304629410454,18.56,51.95,-11.08,-5.5,3.7971,,3.826,3.782,3.722
15474,20720,,,49.87916936513096,-21.757865395821725,10.6153,52.774,32.718,41.7,3.7303,7.0760000000000005,5.266,3.652,1.2320000000000002
114341,218594,88 Aqr,Safina,347.3616501852795,-21.172415203425913,12.671,53.452,30.201,21.5,3.8484,6.1129999999999995,4.872999999999999,3.671,2.511
27628,39425,beta Col,Wazn,87.73996785370475,-35.768309619303444,36.9038,54.452,404.6,89.1,3.2833,5.472,4.2620000000000005,3.116,2.016
30343,44478,mu Gem,Tejat,95.74011192619564,22.513582745904277,14.08,56.39,-110.03,54.8,2.9141,6.361000000000001,4.511,2.89,0.5900000000000003
21281,29305,,,68.49907161293,-55.04497896378182,19.34,57.75,10.93,25.6,3.2372,2.8709999999999996,3.2209999999999996,3.3,3.38
94779,181276,,,289.27570134658674,53.36845827604991,26.4853,59.476,123.003,-29.3,3.9512,5.486,4.7459999999999996,3.796,2.9459999999999997
113963,218045,alfa Peg,Markab,346.19022269130943,15.205267148004442,24.46,60.4,-41.3,-2.2,2.4784,2.4350000000000005,2.4850000000000003,2.487,2.487
100064,192947,alfa2 Cap,Algedi,304.51356498292984,-12.54485212105628,29.914,61.212,2.412,0.7,3.7388,5.142999999999999,4.452999999999999,3.57,2.65
20042,27376,,,64.47359333722905,-33.79834789263923,18.4002,62.194,-5.455,17.6,3.5167,3.07,3.44,3.548,3.638
18543,25025,gamma Eri,Zaurak,59.507357588782035,-13.508514806325215,17.0016,62.227,-112.006,61.7,3.0703,6.498,4.538,2.95,1.1700000000000002
7607,9927,51 And,Nembus,24.498158433053316,48.62821196304731,18.5489,62.968,-111.999,16.8,3.7515,6.298,4.848,3.573,2.343
21421,29139,alfa Tau,Aldebaran,68.98016279001538,16.50930235077183,48.94,63.45,-188.94,54.1,1.0024,4.305,2.4050000000000002,0.867,-0.8029999999999999
98337,189319,,,299.6892842929073,19.49214612958995,11.3375,65.005,22.721,-32.8,3.6215,6.984,5.054,3.483,1.8330000000000002
77233,141003,beta Ser,Zhou,236.5468965842996,15.42181929665757,21.5924,65.958,-47.791,-0.8,3.6836,3.815,3.735,3.662,3.572
107089,205478,,,325.3693740465125,-77.39004341481697,47.17,66.41,-239.1,34.4,3.8981,5.646999999999999,4.757,3.749,2.769
13209,17573,41  Ari,Bharani,42.49597183449586,27.260507231548104,19.69,66.81,-116.52,4.0,3.5831,3.142,3.512,3.612,3.692
64962,115659,gam Hya,Naga,199.7304070369472,-23.17151400797484,25.5286,67.956,-44.299,-5.4,3.1521,4.571,3.911,2.991,2.091
52727,93497,,,161.69239623963747,-49.42025993967128,29.0506,68.537,-48.819,6.2,2.8299,4.163,3.593,2.692,1.782
16083,21364,,,51.792252414207525,9.732741951446487,16.7914,70.741,-43.156,22.0,3.7082,3.321,3.6510000000000002,3.733,3.803
101958,196867,alfa Del,Sualocin,309.90949848101957,15.912160010152697,13.7298,71.574,-30.655,-3.4,3.765,3.504,3.714,3.771,3.7809999999999997
24608,34029,alfa Aur,Capella,79.17232794433406,45.99799146983672,76.2,75.25,-426.89,30.2,0.2385,1.315,0.875,0.08,-0.75
8832,11502,,,28.382553870527794,19.293855549578698,19.6268,77.138,-97.321,-0.6,3.8584,3.703,3.8329999999999997,3.88,3.9099999999999997
112029,214923,zeta Peg,Homam,340.3655029918914,10.831363310218961,15.96,77.22,-11.38,6.8,3.3887,3.0700000000000003,3.3200000000000003,3.406,3.466
93683,177241,,,286.1707585001181,-21.741495958675486,23.8121,77.445,-58.46,25.2,3.9215,5.624,4.774,3.763,2.783
53253,94510,,,163.37356712933146,-58.85317036926159,33.5225,78.169,38.8,8.1,3.9412,5.37,4.72,3.775,2.815
97433,188119,,,297.04312691577667,70.26793029985365,21.3219,79.486,40.041,2.890000104904175,3.9974,5.2490000000000006,4.729,3.841,2.9610000000000003
53910,95418,beta UMa,Merak,165.46033229486687,56.38243364745787,38.6031,79.959,32.365,-12.0,2.3499,2.408,2.398,2.365,2.345
98495,188228,,,300.1481313696173,-72.91050359804893,31.2593,81.002,-131.99,-8.130000114440918,3.9531,3.873,3.923,3.955,3.995
28358,40035,delta Aur,Bagu,89.88180004665307,54.28465841424232,25.88,81.81,-132.98,8.2,3.8904,5.601,4.731,3.721,2.731
87933,163993,,,269.44119030864744,29.247879444897794,23.8544,81.919,-18.962,-1.5,3.8533,5.3340000000000005,4.634,3.699,2.8089999999999997
79882,146791,epsilon Oph,Yed Posterior,244.5803759339954,-4.69251315426925,30.5136,83.916,40.763,-10.3,3.3887,4.95,4.2,3.234,2.274
74666,135722,Delta Bootis,Qigong,228.8756784143856,33.314831243113275,27.0746,84.383,-111.591,-12.3,3.6268,5.1080000000000005,4.448,3.487,2.527
102422,198149,,,311.3223965354522,61.8387817316337,69.5976,85.993,818.451,-87.3,3.5692,4.96,4.34,3.428,2.488
7588,10144,alfa Eri,Achernar,24.42852282368263,-57.236752793838114,23.39,87.0,-38.24,16.0,0.4233,-0.365,0.29500000000000004,0.453,0.623
53229,94264,46 LMi,Praecipua,163.32787152741656,34.214892133753814,32.921,90.625,-278.664,16.1,3.9531,5.766,4.856,3.816,2.7459999999999996
10602,14228,,,34.127442052080994,-51.512165163852636,21.6862,91.975,-22.503,10.2,3.5211,3.0389999999999997,3.429,3.549,3.659
52943,93813,,,162.406201055603,-16.193647060365553,23.794,92.912,199.642,-1.2,3.2707,5.646,4.346,3.114,1.894
87585,163588,xi Dra,Grumium,268.38220642901257,56.87264193008205,29.0603,93.698,78.914,-25.8,3.8948,6.1339999999999995,4.9239999999999995,3.747,2.6369999999999996
94376,180711,delta Dra,Altais,288.1387557149829,67.66153865716481,33.3499,94.599,92.374,24.8,3.2296,4.841,4.061,3.071,2.1310000000000002
8903,11636,beta Ari,Sheratan,28.66004578860244,20.808031472170104,55.6,98.74,-110.41,-1.9,2.7044,2.91,2.81,2.645,2.465
59774,106591,delta UMa,Megrez,183.85649935959864,57.03261697979614,40.3279,103.947,8.141,-12.390000343322754,3.3353,3.46,3.39,3.313,3.2830000000000004
20894,28319,theta2 Tau,Chamukuy,67.16559004534727,15.870874650323357,21.8125,106.148,-20.294,39.5,3.4597,3.7089999999999996,3.5789999999999997,3.4,3.19
20455,27697,delta1 Tau,Secunda Hyadum,65.73372983139987,17.542513832460845,20.3092,106.212,-27.692,39.0,3.9308,5.5600000000000005,4.74,3.757,2.827
2072,2262,,,6.550838929468724,-43.679830657661086,41.7228,106.394,32.491,13.75,3.9946,4.218,4.108,3.933,3.7329999999999997
112623,215789,,,342.1387419240025,-51.31686481020501,25.7902,107.195,-62.575,-3.0,3.519,3.6710000000000003,3.571,3.488,3.388
20889,28305,epsilon Tau,Ain,67.15416772859044,19.180434205505613,22.3654,107.526,-36.2,39.0,3.6992,5.429,4.549,3.535,2.495
58001,103287,gamma UMa,Phecda,178.4576971534721,53.69475972960307,39.21,107.68,11.01,-12.6,2.4286,2.497,2.477,2.433,2.3729999999999998
46733,81937,,,142.8821169630644,63.06185995089559,42.0904,107.818,26.791,-1.3799999952316284,3.7327,4.16,4.0600000000000005,3.7,3.29
86032,159561,alfa Oph,Rasalhague,263.73362272030505,12.560037391671425,67.13,108.07,-221.57,12.6,2.1262,2.335,2.235,2.08,1.9100000000000001
71957,129502,,,220.76509994595307,-5.658201377921401,52.1815,110.002,-316.139,1.6299999952316284,3.9589,4.238,4.258,3.873,3.4030000000000005
108085,207971,gamma Gru,Aldhanab,328.48215125522364,-37.36487221642331,17.808,110.445,-17.161,2.930000066757202,2.9763,2.549,2.919,3.003,3.103
62956,112185,epsilon UMa,Alioth,193.507289966497,55.95982296126646,39.51,111.91,-8.24,-9.3,1.7545,1.761,1.7409999999999999,1.763,1.803
3092,3627,,,9.831979919324638,30.861021754318692,30.91,114.45,-84.02,-7.3,3.4328,6.018000000000001,4.538,3.27,2.04
20205,27371,gamma Tau,Prima Hyadum,64.94834968267529,15.62764204997618,21.6645,116.247,-23.368,38.6,3.8123,5.437,4.617,3.636,2.686
101769,196524,beta Del,Rotanev,309.3872554152033,14.5950887473128,32.33,118.09,-48.06,-22.7,3.723,4.1450000000000005,4.065,3.64,3.14
76267,139006,alfa CrB,Alphecca,233.6719520352299,26.714685000189665,42.2408,118.927,-87.711,1.7,2.221,2.233,2.253,2.221,2.1710000000000003
65378,116656,zeta UMa,Mizar,200.9814261725339,54.925359883806834,40.2133,122.467,-22.682,-5.6,2.254,2.147,2.117,2.06,1.99
109268,209952,alfa Gru,Alnair,332.05826969762956,-46.96097438314165,32.29,126.69,-147.47,10.9,1.6983,1.194,1.664,1.734,1.784
77622,141795,,,237.70402196189787,4.477730972530282,45.3293,127.257,62.017,-9.899999618530273,3.7548,3.965,3.855,3.708,3.5780000000000003
14354,19058,,,46.29414106209351,38.840276189584664,10.6,129.22,-105.7,28.2,3.2889,7.088,5.298,3.77,1.0100000000000002
77070,140573,alfa Ser,Unukalhai,236.0669754581049,6.425630222117376,43.945,133.922,45.55,2.8,2.7971,5.007000000000001,3.7670000000000003,2.6,1.51
110395,212061,gamma Aqr,Sadachbia,335.4140481983704,-1.3873491936570108,25.8551,134.223,11.219,-15.0,3.8423,3.67,3.79,3.847,3.907
45336,79469,,,138.59108362981752,2.314319976640555,27.0704,134.386,-322.143,-10.0,3.8713,3.7049999999999996,3.8249999999999997,3.885,3.9549999999999996
112122,214952,beta Gru,Tiaki,340.6668761256885,-46.88457644482746,18.43,135.16,-4.38,1.6,2.0699,5.43,3.76,2.15,-0.4500000000000002
111169,213558,alfa Lac,Stellio,337.82292258869035,50.28249164321602,31.4943,137.243,17.54,-12.65999984741211,3.782,3.789,3.789,3.758,3.708
677,358,alfa And,Alpheratz,2.096916184329816,29.09043111945803,33.62,137.46,-163.44,-11.7,2.0371,1.5750000000000002,2.035,2.073,2.173
54872,97603,delta Leo,Zosma,168.52708926588556,20.523718139047475,55.82,143.42,-129.88,-20.2,2.5932,2.8080000000000003,2.688,2.56,2.44
112748,216131,mu Peg,Sadalbari,342.5008044783698,24.601581283481735,28.934,145.24,-42.396,13.9,3.6685,5.106,4.426,3.493,2.6029999999999998
10064,13161,beta Tri,Alaybasan,32.38594634296846,34.98729706447502,25.71,149.16,-39.1,9.9,3.0625,3.244,3.144,3.004,2.834
105199,203280,alfa Cep,Alderamin,319.6448846972256,62.5855744637194,66.5,150.55,49.09,-11.5,2.5141,2.818,2.708,2.451,2.191
4436,5448,,,14.188371144012628,38.49933427218616,26.7046,151.021,34.8,7.269999980926514,3.9034,4.142,3.992,3.862,3.722
116584,222107,lambda And,Udkadua,354.39101158486807,46.4581513125232,38.5736,159.606,-421.822,6.8,3.9695,5.504,4.814,3.83,2.87
14668,19476,kappa Per,Misam,47.374181833658646,44.85745828733886,28.7314,165.691,-138.559,29.2,3.9564,5.6129999999999995,4.7829999999999995,3.803,2.863
5447,6860,beta And,Mirach,17.433016172935087,35.620557650523814,16.52,175.9,-112.2,0.3,2.1741,5.584,3.624,2.048,0.30800000000000005
2081,2261,alfa  Phe,Ankaa,6.571096205020017,-42.30604755637163,39.9183,176.268,-398.872,74.6,2.5512,4.359999999999999,3.4799999999999995,2.397,1.2869999999999997
110960,213051,,,337.2079451972491,-0.019942847221622,35.5,182.92,50.36,24.1,3.745,,4.054,3.648,3.148
113881,217906,beta Peg,Scheat,345.9435727458233,28.082787125003623,16.64,187.65,136.93,8.7,2.4861,6.135,4.175,2.52,0.20999999999999996
9884,12929,alfa Ari,Hamal,31.793357096332805,23.462417552537847,49.56,188.55,-148.08,-14.3,2.1726,4.2780000000000005,3.1580000000000004,2.007,0.8770000000000002
104887,202444,,,318.6978855056435,38.04531780676769,49.16,196.99,410.28,-21.1,3.8228,4.1579999999999995,4.138,3.745,3.285
106985,206088,gamma Cap,Nashira,325.02268925556575,-16.662371197113426,19.1037,200.193,-9.578,-31.2,3.766,4.193,3.993,3.673,3.353
91262,172167,alfa Lyr,Vega,279.2347347870248,38.783688956243985,130.23,200.94,286.23,-13.9,0.0868,0.022,0.032,0.033,0.043000000000000003
5364,6805,,,17.147463886246292,-10.182264426609903,27.0603,215.922,-139.029,11.5,3.6235,5.792,4.602,3.441,2.3309999999999995
27654,39364,,,87.83040011554115,-20.879091846624583,28.4234,229.027,-647.93,99.3,3.9262,5.443,4.763,3.779,2.729
3419,4128,beta Cet,Diphda,10.897378738344747,-17.98660631562263,33.86,232.55,31.99,13.1,2.2061,3.926,3.056,2.037,1.037
95501,182640,,,291.3745891389376,3.114779474957126,64.41,254.54,82.51,-30.1,3.4408,3.719,3.679,3.36,2.98
107556,207098,delta Cap,Deneb Algedi,326.7601909239441,-16.12728842476842,85.9406,259.707,-296.721,-6.3,2.9409,3.12,3.0300000000000002,2.85,2.5
9236,12311,,,29.692477787418582,-61.56985965740796,45.43,263.66,26.77,7.0,2.9305,3.2870000000000004,3.1470000000000002,2.857,2.5170000000000003
63613,112985,,,195.5677357073749,-71.54885898142433,37.3886,263.701,-23.069,36.5,3.7698,6.061999999999999,4.802,3.612,2.442
109427,210418,theta Peg,Biham,332.54993864655984,6.1978632642764335,35.34,282.18,30.46,-7.9,3.5534,3.705,3.605,3.519,3.4290000000000003
109176,210027,,,331.7527729603794,25.34509899489711,84.0054,295.476,27.442,-6.940000057220459,3.8678,4.162,4.202,3.767,3.2569999999999997
6686,8538,delta Cas,Ruchbah,21.453958715295613,60.23528592711805,32.0297,296.42,-49.127,6.7,2.7146,2.958,2.838,2.678,2.488
50583,89484,gamma1 Leo,Algieba,154.99312732633464,19.841485222166323,25.07,304.3,-154.28,-36.6,2.1684,4.138,3.138,2.01,0.8399999999999999
78072,142860,,,239.11326107166374,15.661613772167948,89.5647,311.183,-1282.767,6.510000228881836,3.9456,4.293,4.323,3.845,3.305
113368,216956,alfa PsA,Fomalhaut,344.4126927281147,-29.622237036411427,129.81,328.95,-164.67,6.1,1.1808,1.391,1.311,1.166,1.006
102488,197989,epsilon Cyg,Aljanah,311.5528431719445,33.97025692727293,44.86,355.66,330.6,-10.6,2.6429,4.391,3.521,2.5,1.5
14879,20010,alfa For,Dalim,48.01887418326395,-28.987621986758477,71.4337,359.565,619.186,-16.969999313354492,3.9821,4.3629999999999995,4.343,3.8,3.17
22449,30652,pi3 Ori,Tabit,72.46004668992444,6.961277950676201,124.6198,463.954,11.937,24.1,3.2862,3.661,3.671,3.187,2.657
746,432,beta Cas,Caph,2.2945215927368126,59.1497810953744,59.58,523.5,-179.77,11.3,2.3579,2.7579999999999996,2.6479999999999997,2.268,1.8679999999999999
89937,170153,,,275.2640939542736,72.73284772361531,124.11,531.21,-349.71,32.5,3.6666,4.000000000000001,4.0600000000000005,3.571,2.951
97649,187642,alfa Aql,Altair,297.69582729638694,8.868321196436963,194.95,536.23,385.29,-26.1,0.8273,1.066,0.986,0.765,0.495
9007,11937,,,28.98941569183637,-51.608877590939144,56.8508,680.11,294.318,-6.3,3.8511,4.999,4.539,3.695,2.795
57757,102870,beta Vir,Zavijava,177.67382715093163,1.764722648745671,90.8945,740.746,-270.927,4.380000114440918,3.7136,4.218,4.108,3.59,2.98
114971,219615,,,349.29140463974323,3.2822904696709516,24.1958,759.268,17.568,-13.7,3.8482,5.194,4.614,3.698,2.7279999999999998
3821,4614,eta Cas,Achird,12.276227477604225,57.815177286942344,168.8322,1078.609,-551.133,9.0,3.5835,4.047,4.037,3.45,2.79
99240,190248,,,302.18170362758445,-66.18206743547704,163.9544,1211.761,-1130.237,-21.7,3.6876,4.755,4.305,3.554,2.7939999999999996
2021,2151,,,6.437804039418892,-77.25424258189236,133.7194,2218.985,326.445,22.9,2.9305,3.5479999999999996,3.4379999999999997,2.82,2.1399999999999997
4427,5394,gamma Cas,Tiansi,14.17745099821,60.71672280471,5.94,25.17,-3.92,-6.8,2.1379,1.174,2.254,2.3,2.32
5165,6595,,,16.52095599694,-46.71839064923,0.12,-80.81,34.97,-1.1,3.4646,4.772,4.202,3.317,2.4170000000000003
9487,12446,alfa Psc,Alrescha,30.51190467668,2.76375931667,21.66,32.45,0.04,7.5,3.8281,,3.842,3.818,3.7680000000000002
25930,36486,delta Ori,Mintaka,83.0016562493,-0.29907889258,4.71,0.64,-0.69,16.0,2.1361,1.0250000000000001,2.075,2.25,2.46
26451,37202,zeta Tau,Tianguan,84.41119325636,21.14245103417,7.33,1.78,-20.07,20.0,2.9184,2.202,2.872,3.02,3.17
26549,37468,,,84.68652242855,-2.60007866108,3.04,22.63,13.45,29.9,3.6811,2.6500000000000004,3.66,3.85,4.1
27366,38771,kappa Ori,Saiph,86.93912852502,-9.66960713755,5.04,1.46,-1.28,20.5,2.0065,0.867,1.897,2.065,2.205
35904,58350,eta CMa,Aludra,111.02373816972,-29.30308298015,1.64,-4.14,5.81,41.1,2.4215,1.6449999999999998,2.3649999999999998,2.448,2.438
36850,60178,alfa Gem,Castor,113.64979381875,31.88850351977,64.12,-191.45,-145.19,-11.23,1.5811,1.6340000000000001,1.614,1.58,1.53
39429,66811,zeta Pup,Naos,120.8958571376,-40.00307350941,3.01,-29.71,16.68,-23.9,2.1364,0.8669999999999998,1.9769999999999999,2.246,2.466
45556,80404,iota Car,Aspidiske,139.27236864316,-59.27517582046,4.26,-18.86,11.98,13.3,2.2822,2.595,2.435,2.246,1.966
45941,81188,kappa Vel,Markeb,140.5283232165,-55.01061135364,5.7,-11.4,11.52,21.9,2.4131,1.5990000000000002,2.349,2.49,2.66
68282,121790,,,209.66962190154,-44.80368370039,7.63,-27.51,-22.44,4.8,3.7877,2.857,3.657,3.865,4.085
71860,129056,alfa Lup,Uridim,220.48215887279,-47.3882731176,7.02,-20.94,-23.67,6.4,2.2296,1.2599999999999998,2.15,2.304,2.514
73334,132200,,,224.79023735306,-42.10429832459,8.51,-17.62,-22.51,8.0,3.0671,2.135,2.925,3.133,3.343
73807,133242,,,226.27937835976,-47.05133871659,7.36,-22.98,-22.81,5.0,3.8552,3.157,3.747,3.891,4.041
75264,136504,,,230.67017103693,-44.6897231955,6.37,-22.86,-18.87,7.9,3.3138,2.4320000000000004,3.1820000000000004,3.373,3.5730000000000004
76297,138690,,,233.7850934703,-41.16686944253,7.75,-15.62,-25.43,2.3,2.7,1.7639999999999998,2.5839999999999996,2.8,3.02
76600,139365,,,234.66395721529,-29.77787607902,8.89,-22.08,-24.46,3.2,3.5999,2.774,3.4739999999999998,3.651,3.831
78820,144217,beta1 Sco,Acrab,241.35926902768,-19.80555058043,8.07,-5.2,-24.04,-1.0,2.594,1.626,2.496,2.561,2.601
80112,147165,sigma Sco,Alniyat,245.29708594324,-25.59288089269,4.68,-10.6,-16.28,-6.0,2.9227,2.502,3.202,2.903,2.593
80883,148857,lambda Oph,Marfik,247.72852456467,1.98389905048,18.84,-30.98,-73.42,-16.0,3.8247,3.8479999999999994,3.8379999999999996,3.816,3.786
81266,149438,tau Sco,Paikauhale,248.97058883393,-28.21611804303,6.88,-9.89,-22.83,2.0,2.7374,1.586,2.616,2.822,3.0620000000000003
84970,157056,,,260.50240450677,-24.9996364312,7.48,-7.37,-23.94,-2.0,3.1931,2.2230000000000003,3.083,3.269,3.479
86670,160578,,,265.62193838278,-39.03009162628,6.75,-6.05,-25.54,-14.0,2.3164,1.346,2.236,2.407,2.6270000000000002
89341,166937,mu Sgr,Polis,273.44087503715,-21.0588371856,0.09,0.3,-0.48,-6.0,3.8729,3.5249999999999995,4.015,3.82,3.61
93506,176687,zeta Sgr,Ascella,285.65275283473,-29.88014332801,36.98,10.79,21.11,22.0,2.6212,2.722,2.662,2.6,2.54
100453,194093,gamma Cyg,Sadr,305.55710787667,40.25667361143,1.78,2.39,-0.91,-7.5,2.3548,3.4110000000000005,2.8810000000000002,2.208,1.5580000000000003
106032,205021,beta Cep,Alfirk,322.16505269614,70.56071944519,4.76,12.54,8.39,-8.2,3.1438,2.0389999999999997,2.989,3.19,3.44
