epoch_kyr,HIP,star_label,asterism,Vmag,heliacal_rising_day,heliacal_setting_day,season_rising,season_setting
-100.0,32349,Sirius,,-0.61885917,148.98248264,88.85655502,,Solstizio estivo
-100.0,24436,Rigel,,0.08220346,132.57926493,51.14861265,Inizio raccolta,
-100.0,26727,Alnitak (Cin.Orione),Cin.Orione,1.74725833,137.1560561,57.00420264,Inizio raccolta,
-100.0,17702,Alcyone (Pleiadi),Pleiadi,2.85613589,93.55626537,63.05082629,Solstizio estivo,
-100.0,20894,Chamukuy (Iadi),Iadi,3.19923388,110.74504998,57.09245766,,
-99.0,32349,Sirius,,-0.62715647,161.42124198,97.23909222,,
-99.0,24436,Rigel,,0.08237864,141.88915237,59.52615169,Inizio raccolta,
-99.0,26727,Alnitak (Cin.Orione),Cin.Orione,1.74744282,147.1397344,65.07826648,,
-99.0,17702,Alcyone (Pleiadi),Pleiadi,2.85629584,106.02363156,75.76043483,,
-99.0,20894,Chamukuy (Iadi),Iadi,3.20125537,121.37419456,67.80121591,,
-98.0,32349,Sirius,,-0.63546502,174.39224886,105.29786565,,
-98.0,24436,Rigel,,0.08255381,151.9473841,67.00213386,,
-98.0,26727,Alnitak (Cin.Orione),Cin.Orione,1.7476273,157.88930935,72.29528125,,
-98.0,17702,Alcyone (Pleiadi),Pleiadi,2.85645591,118.87915633,87.626476,,Solstizio estivo
-98.0,20894,Chamukuy (Iadi),Iadi,3.20327585,132.66547149,77.56273259,Inizio raccolta,
-97.0,32349,Sirius,,-0.64378461,187.9033467,113.21941837,Equinozio autunno,
-97.0,24436,Rigel,,0.08272896,162.79615655,73.61461562,,
-97.0,26727,Alnitak (Cin.Orione),Cin.Orione,1.74781176,169.42240099,78.73689597,,
-97.0,17702,Alcyone (Pleiadi),Pleiadi,2.85661608,132.24104857,98.89571804,Inizio raccolta,
-97.0,20894,Chamukuy (Iadi),Iadi,3.20529529,144.64351805,86.56501789,,
-96.0,32349,Sirius,,-0.65211499,202.0072822,121.21083389,,
-96.0,24436,Rigel,,0.0829041,174.49421029,79.39334444,,
-96.0,26727,Alnitak (Cin.Orione),Cin.Orione,1.74799621,181.7701797,84.48711378,Equinozio autunno,
-96.0,17702,Alcyone (Pleiadi),Pleiadi,2.85677635,146.00039998,110.04895224,,
-96.0,20894,Chamukuy (Iadi),Iadi,3.20731372,157.21991393,95.14251564,,Solstizio estivo
-95.0,32349,Sirius,,-0.66045592,216.83018864,129.52194639,,
-95.0,24608,Capella,,-0.40949746,156.80216292,257.51704087,,
-95.0,26727,Alnitak (Cin.Orione),Cin.Orione,1.74818064,195.00993806,89.61175654,,Solstizio estivo
-95.0,17702,Alcyone (Pleiadi),Pleiadi,2.85693674,159.96944542,121.6210204,,
-95.0,20894,Chamukuy (Iadi),Iadi,3.20933112,170.26710273,103.73976621,,
-94.0,32349,Sirius,,-0.66880715,232.62068576,138.49452432,Fine raccolta,Inizio raccolta
-94.0,24608,Capella,,-0.40476053,175.59865612,255.17002482,,
-94.0,26727,Alnitak (Cin.Orione),Cin.Orione,1.74836505,209.31224095,94.13179325,,Solstizio estivo
-94.0,17702,Alcyone (Pleiadi),Pleiadi,2.85709724,173.98660767,134.02681047,,Inizio raccolta
-94.0,20894,Chamukuy (Iadi),Iadi,3.21134749,183.67452464,112.89010159,Equinozio autunno,
-93.0,32349,Sirius,,-0.67716841,249.84809733,148.66518023,,
-93.0,24608,Capella,,-0.40001054,191.07773792,257.02600636,,
-93.0,26727,Alnitak (Cin.Orione),Cin.Orione,1.74854946,225.03185232,97.97503475,Fine raccolta,
-93.0,17702,Alcyone (Pleiadi),Pleiadi,2.85725784,187.9516836,147.44951199,Equinozio autunno,
-93.0,20894,Chamukuy (Iadi),Iadi,3.21336284,197.37795269,123.1976458,,
-92.0,32349,Sirius,,-0.68553944,269.39342839,160.98297577,Solstizio invernale,
-92.0,24608,Capella,,-0.39524775,204.70704179,261.07247086,,
-92.0,26727,Alnitak (Cin.Orione),Cin.Orione,1.74873384,242.94247455,100.85361358,,
-92.0,17702,Alcyone (Pleiadi),Pleiadi,2.85741855,201.82711036,161.82846748,,
-92.0,20894,Chamukuy (Iadi),Iadi,3.21537715,211.37234811,135.26965476,,Inizio raccolta
-91.0,32349,Sirius,,-0.69391996,292.77999672,177.19926793,,
-91.0,24608,Capella,,-0.39047241,217.07311514,266.54720716,,
-91.0,26727,Alnitak (Cin.Orione),Cin.Orione,1.74891822,265.07613126,101.82937538,,
-91.0,17702,Alcyone (Pleiadi),Pleiadi,2.85757937,215.63041132,176.94538113,,
-91.0,20894,Chamukuy (Iadi),Iadi,3.21739044,225.71946701,149.55755056,Fine raccolta,
-90.0,32349,Sirius,,-0.7023097,321.39800572,199.80881465,Inizio freddo,
-90.0,24608,Capella,,-0.3856848,228.49610631,273.08649242,Fine raccolta,Solstizio invernale
-90.0,60718,Acrux (Cr.Sud),Cr.Sud,0.79837578,139.21452528,337.92537678,Inizio raccolta,
-90.0,17702,Alcyone (Pleiadi),Pleiadi,2.85774029,229.42586388,192.53461915,Fine raccolta,
-90.0,20894,Chamukuy (Iadi),Iadi,3.2194027,240.55578797,166.16597879,,
-89.0,32349,Sirius,,-0.71070836,351.90218759,228.40259499,,Fine raccolta
-89.0,24608,Capella,,-0.38088515,239.17511466,280.50365214,,
-89.0,60718,Acrux (Cr.Sud),Cr.Sud,0.79811966,137.2300418,353.91422026,Inizio raccolta,
-89.0,17702,Alcyone (Pleiadi),Pleiadi,2.85790133,243.31576485,208.34983782,,
-89.0,20894,Chamukuy (Iadi),Iadi,3.22141392,256.09885649,184.77080675,,Equinozio autunno
-88.0,32349,Sirius,,-0.71911564,11.11674339,256.36775555,,
-88.0,24608,Capella,,-0.37607372,249.23744143,288.70426582,,
-88.0,60718,Acrux (Cr.Sud),Cr.Sud,0.79786358,138.47263349,1.01001859,Inizio raccolta,Equinozio primavera
-88.0,17702,Alcyone (Pleiadi),Pleiadi,2.85806247,257.42870193,224.18259293,,Fine raccolta
-88.0,20894,Chamukuy (Iadi),Iadi,3.22342411,272.63610107,204.68640518,Solstizio invernale,
-87.0,32349,Sirius,,-0.72753123,28.20286776,279.7994217,,
-87.0,24608,Capella,,-0.37125076,258.75802487,297.64711212,,
-87.0,60718,Acrux (Cr.Sud),Cr.Sud,0.79760754,141.56557934,11.33827358,Inizio raccolta,
-87.0,17702,Alcyone (Pleiadi),Pleiadi,2.85822372,271.90059156,239.8622504,Solstizio invernale,
-87.0,20894,Chamukuy (Iadi),Iadi,3.22543327,290.45485642,225.01480841,,Fine raccolta
-86.0,32349,Sirius,,-0.73595483,40.80564302,299.54332672,,
-86.0,24608,Capella,,-0.36641652,267.76733294,307.32625895,,
-86.0,60718,Acrux (Cr.Sud),Cr.Sud,0.79735155,146.06755152,20.22982628,,
-86.0,17702,Alcyone (Pleiadi),Pleiadi,2.85838508,286.84510303,255.26180476,,
-86.0,20894,Chamukuy (Iadi),Iadi,3.22744138,309.66585724,244.86842935,,
-85.0,32349,Sirius,,-0.74438609,51.02703322,316.96782095,,Inizio freddo
-85.0,24608,Capella,,-0.36157123,276.2531693,317.76609573,Solstizio invernale,Inizio freddo
-85.0,60718,Acrux (Cr.Sud),Cr.Sud,0.79709561,151.80874762,27.93632785,,
-85.0,17702,Alcyone (Pleiadi),Pleiadi,2.85854654,302.31767273,270.31415653,,Solstizio invernale
-85.0,20894,Chamukuy (Iadi),Iadi,3.22944847,329.97479407,263.64679537,,
-84.0,32349,Sirius,,-0.7528247,59.9611361,332.90020862,,
-84.0,24608,Capella,,-0.35671516,284.15615142,329.02574757,,
-84.0,60718,Acrux (Cr.Sud),Cr.Sud,0.7968397,158.74396151,34.56140291,,
-84.0,26727,Alnitak (Cin.Orione),Cin.Orione,1.7502084,81.77912968,283.31315803,,
-84.0,17702,Alcyone (Pleiadi),Pleiadi,2.85870811,318.28852227,285.0234983,Inizio freddo,
-84.0,20894,Chamukuy (Iadi),Iadi,3.23145451,350.61997512,281.1821547,,
-83.0,32349,Sirius,,-0.76127031,68.19561762,347.77664149,,
-83.0,24608,Capella,,-0.35184853,291.35410953,341.21189694,,
-83.0,60718,Acrux (Cr.Sud),Cr.Sud,0.79658384,166.91675054,40.11270608,,
-83.0,26727,Alnitak (Cin.Orione),Cin.Orione,1.75039266,82.88094985,306.01189315,,
-83.0,17702,Alcyone (Pleiadi),Pleiadi,2.85886979,334.63798584,299.45492255,,
-83.0,20894,Chamukuy (Iadi),Iadi,3.23345952,5.34921585,297.6281375,,
-82.0,32349,Sirius,,-0.76972256,76.08940537,361.82138786,,Equinozio primavera
-82.0,24608,Capella,,-0.34697158,297.62305588,354.50435299,,
-82.0,60718,Acrux (Cr.Sud),Cr.Sud,0.79632803,176.47460038,44.50014272,,Inizio semina
-82.0,26727,Alnitak (Cin.Orione),Cin.Orione,1.75057689,86.05765059,324.32771411,,
-82.0,17702,Alcyone (Pleiadi),Pleiadi,2.85903158,351.16815245,313.70517387,,
-82.0,20894,Chamukuy (Iadi),Iadi,3.23546348,23.71568886,313.24603013,,
-81.0,32349,Sirius,,-0.7781811,83.89845929,9.90225843,,
-81.0,24608,Capella,,-0.34208455,302.5395716,3.9724919,,Equinozio primavera
-81.0,60718,Acrux (Cr.Sud),Cr.Sud,0.79607226,187.74744573,47.47291926,Equinozio autunno,Inizio semina
-81.0,26727,Alnitak (Cin.Orione),Cin.Orione,1.75076112,90.26371271,340.37354085,Solstizio estivo,
-81.0,17702,Alcyone (Pleiadi),Pleiadi,2.85919348,2.3726877,327.8716833,Equinozio primavera,
-81.0,20894,Chamukuy (Iadi),Iadi,3.2374664,39.87952141,328.26724333,,
-80.0,32349,Sirius,,-0.78664555,91.8319095,22.5487935,Solstizio estivo,
-80.0,24608,Capella,,-0.33718767,305.1939667,20.72221339,,
-80.0,60718,Acrux (Cr.Sud),Cr.Sud,0.79581653,201.51449078,48.38669481,,Inizio semina
-80.0,26727,Alnitak (Cin.Orione),Cin.Orione,1.75094533,95.16217602,354.93699569,Solstizio estivo,
-80.0,17702,Alcyone (Pleiadi),Pleiadi,2.85935548,18.41692454,342.03097495,,
-80.0,20894,Chamukuy (Iadi),Iadi,3.23946829,53.70729418,342.84869391,,
-79.0,32349,Sirius,,-0.79511554,100.07493805,34.52730399,,
-79.0,24608,Capella,,-0.33228117,302.91629353,41.30718618,,Inizio semina
-79.0,60718,Acrux (Cr.Sud),Cr.Sud,0.79556084,220.47647006,44.89651518,,Inizio semina
-79.0,26727,Alnitak (Cin.Orione),Cin.Orione,1.75112952,100.65529859,3.13382718,,Equinozio primavera
-79.0,17702,Alcyone (Pleiadi),Pleiadi,2.85951759,33.71736502,356.22624042,,
-79.0,20894,Chamukuy (Iadi),Iadi,3.24146912,65.49519979,357.07165464,,
-78.0,32349,Sirius,,-0.80359067,108.79291746,45.83157066,,Inizio semina
-78.0,24436,Rigel,,0.08605419,105.28723622,8.35567385,,
-78.0,26727,Alnitak (Cin.Orione),Cin.Orione,1.7513137,106.75234931,15.62224569,,
-78.0,17702,Alcyone (Pleiadi),Pleiadi,2.8596798,47.99190712,5.21732766,Inizio semina,
-78.0,20894,Chamukuy (Iadi),Iadi,3.24346892,75.7891574,5.70889914,,
-77.0,32349,Sirius,,-0.81207054,118.12400084,56.46249959,,
-77.0,24436,Rigel,,0.08622907,111.32331515,20.38046835,,
-77.0,26727,Alnitak (Cin.Orione),Cin.Orione,1.75149786,113.5158006,27.24306116,,
-77.0,17702,Alcyone (Pleiadi),Pleiadi,2.85984213,61.13630236,19.44293759,,
-77.0,20894,Chamukuy (Iadi),Iadi,3.24546767,85.19311308,19.20287101,,
-76.0,32349,Sirius,,-0.82055475,128.16759528,66.44885513,,
-76.0,24436,Rigel,,0.08640393,118.17829061,31.4843358,,
-76.0,26727,Alnitak (Cin.Orione),Cin.Orione,1.75168201,121.0307805,38.03581297,,
-76.0,17702,Alcyone (Pleiadi),Pleiadi,2.86000456,73.30556728,33.56197952,,
-76.0,20894,Chamukuy (Iadi),Iadi,3.24746537,94.26362697,32.22326093,Solstizio estivo,
-75.0,32349,Sirius,,-0.82904286,138.97817272,75.86052273,Inizio raccolta,
-75.0,24436,Rigel,,0.08657877,125.87758123,41.73992754,,Inizio semina
-75.0,26727,Alnitak (Cin.Orione),Cin.Orione,1.75186614,129.38219894,48.02828311,,Inizio semina
-75.0,17702,Alcyone (Pleiadi),Pleiadi,2.8601671,84.88982407,47.42440008,,Inizio semina
-75.0,20894,Chamukuy (Iadi),Iadi,3.24946202,103.47696322,44.65574045,,Inizio semina
-74.0,32349,Sirius,,-0.83753446,150.57148842,84.80894532,,
-74.0,24436,Rigel,,0.0867536,134.46166798,51.19926848,Inizio raccolta,
-74.0,26727,Alnitak (Cin.Orione),Cin.Orione,1.75205026,138.63717568,57.25999214,Inizio raccolta,
-74.0,17702,Alcyone (Pleiadi),Pleiadi,2.86032974,96.39991865,60.85649821,Solstizio estivo,
-74.0,20894,Chamukuy (Iadi),Iadi,3.25145763,113.21454616,56.39866453,,
-73.0,32349,Sirius,,-0.84602908,162.94269171,93.43659179,,Solstizio estivo
-73.0,24436,Rigel,,0.08692842,143.97072801,59.91195099,,
-73.0,26727,Alnitak (Cin.Orione),Cin.Orione,1.75223437,148.83613781,65.79604241,,
-73.0,17702,Alcyone (Pleiadi),Pleiadi,2.86049249,108.31459716,73.73927945,,
-73.0,20894,Chamukuy (Iadi),Iadi,3.25345218,123.73716369,67.42172193,,
-72.0,32349,Sirius,,-0.85452629,176.08992667,101.90364419,,
-72.0,24436,Rigel,,0.08710322,154.44034213,67.93180277,,
-72.0,26727,Alnitak (Cin.Orione),Cin.Orione,1.75241846,159.99608416,73.72880766,,
-72.0,17702,Alcyone (Pleiadi),Pleiadi,2.86065535,120.93157069,86.12719534,,
-72.0,20894,Chamukuy (Iadi),Iadi,3.25544569,135.15972653,77.8227283,Inizio raccolta,
-71.0,32349,Sirius,,-0.86302562,190.03836227,110.38026854,,
-71.0,24436,Rigel,,0.08727801,165.90854384,75.31222284,,
-71.0,26727,Alnitak (Cin.Orione),Cin.Orione,1.75260253,172.12562298,81.16887934,,
-71.0,17702,Alcyone (Pleiadi),Pleiadi,2.86081832,134.29772576,98.31457257,Inizio raccolta,
-71.0,20894,Chamukuy (Iadi),Iadi,3.25743815,147.45873677,87.84958936,,Solstizio estivo
-70.0,32349,Sirius,,-0.87152658,204.86622069,119.04981973,,
-70.0,24608,Capella,,-0.28772701,140.15414757,242.34600734,Inizio raccolta,
-70.0,26727,Alnitak (Cin.Orione),Cin.Orione,1.75278659,185.24844653,88.23044135,Equinozio autunno,Solstizio estivo
-70.0,17702,Alcyone (Pleiadi),Pleiadi,2.86098139,148.27120455,110.76320323,,
-70.0,20894,Chamukuy (Iadi),Iadi,3.25942955,160.52030033,97.88042567,,
-69.0,32349,Sirius,,-0.8800287,220.74280678,128.12824151,,
-69.0,24608,Capella,,-0.28273657,161.69514558,239.91357503,,
-69.0,26727,Alnitak (Cin.Orione),Cin.Orione,1.75297064,199.43434344,95.01596489,,Solstizio estivo
-69.0,17702,Alcyone (Pleiadi),Pleiadi,2.86114457,162.64425228,123.9332879,,
-69.0,20894,Chamukuy (Iadi),Iadi,3.2614199,174.20080451,108.38683795,,
-68.0,32349,Sirius,,-0.88853146,238.00033872,137.91272087,,Inizio raccolta
-68.0,24608,Capella,,-0.2777389,179.24876156,242.95266707,Equinozio autunno,
-68.0,26727,Alnitak (Cin.Orione),Cin.Orione,1.75315467,214.8460488,101.60122656,,
-68.0,17702,Alcyone (Pleiadi),Pleiadi,2.86130786,177.22909032,138.11628218,,Inizio raccolta
-68.0,20894,Chamukuy (Iadi),Iadi,3.2634092,188.37208072,119.89531328,,
-67.0,32349,Sirius,,-0.89703437,257.28161876,148.8968553,,
-67.0,24608,Capella,,-0.27273423,194.77935362,248.47516994,,
-67.0,26727,Alnitak (Cin.Orione),Cin.Orione,1.75333868,231.83038408,108.01554058,Fine raccolta,
-67.0,17702,Alcyone (Pleiadi),Pleiadi,2.86147125,191.88938628,153.34233704,,
-67.0,20894,Chamukuy (Iadi),Iadi,3.26539744,202.94569474,132.9240844,,Inizio raccolta
-66.0,32349,Sirius,,-0.90553689,279.81062368,162.05107886,,
-66.0,24608,Capella,,-0.26772273,208.93944601,255.47702362,,
-66.0,26727,Alnitak (Cin.Orione),Cin.Orione,1.75352268,251.13745278,114.1987754,,
-66.0,17702,Alcyone (Pleiadi),Pleiadi,2.86163475,206.54325166,169.4060285,,
-66.0,20894,Chamukuy (Iadi),Iadi,3.26738462,217.88487884,147.86073968,,
-65.0,32349,Sirius,,-0.91403848,307.48170878,179.42758865,,Equinozio autunno
-65.0,24608,Capella,,-0.26270462,222.04739493,263.48870547,,
-65.0,26727,Alnitak (Cin.Orione),Cin.Orione,1.75370667,274.55597352,119.86051444,Solstizio invernale,
-65.0,17702,Alcyone (Pleiadi),Pleiadi,2.86179836,221.15808847,185.98111301,,Equinozio autunno
-65.0,20894,Chamukuy (Iadi),Iadi,3.26937075,233.21255745,164.80191255,,
-64.0,32349,Sirius,,-0.92253861,340.16096162,204.20624993,,
-64.0,24608,Capella,,-0.25768009,234.28489198,272.25866375,,Solstizio invernale
-64.0,60718,Acrux (Cr.Sud),Cr.Sud,0.79173086,141.00768413,336.14370993,Inizio raccolta,
-64.0,17702,Alcyone (Pleiadi),Pleiadi,2.86196207,235.74465082,202.73574383,,
-64.0,20894,Chamukuy (Iadi),Iadi,3.27135582,249.01769018,183.45971158,,Equinozio autunno
-63.0,32349,Sirius,,-0.9310367,4.44365503,235.04113179,Equinozio primavera,
-63.0,24608,Capella,,-0.25264934,245.7618528,281.64761263,,
-63.0,60718,Acrux (Cr.Sud),Cr.Sud,0.79147588,139.63604406,353.35547582,Inizio raccolta,
-63.0,17702,Alcyone (Pleiadi),Pleiadi,2.86212589,250.35034813,219.39422968,,
-63.0,20894,Chamukuy (Iadi),Iadi,3.27333984,265.45253275,203.21534148,,
-62.0,32349,Sirius,,-0.93953218,24.8659239,263.65414666,,
-62.0,24608,Capella,,-0.24761256,256.54363732,291.5856831,,
-62.0,60718,Acrux (Cr.Sud),Cr.Sud,0.79122095,141.79605004,1.13615976,Inizio raccolta,Equinozio primavera
-62.0,17702,Alcyone (Pleiadi),Pleiadi,2.86228981,265.0484373,235.75380628,,
-62.0,20894,Chamukuy (Iadi),Iadi,3.27532279,282.70003773,223.28361311,,Fine raccolta
-61.0,32349,Sirius,,-0.94802446,39.13268368,287.15261552,,
-61.0,24608,Capella,,-0.24256993,266.66267106,302.05284551,,
-61.0,60718,Acrux (Cr.Sud),Cr.Sud,0.79096606,145.84803482,11.83707191,,
-61.0,17702,Alcyone (Pleiadi),Pleiadi,2.86245384,279.91951525,251.68511627,,
-61.0,20894,Chamukuy (Iadi),Iadi,3.27730469,300.88529018,242.91665223,,
-60.0,32349,Sirius,,-0.95651295,50.3001554,306.94597689,Inizio semina,
-60.0,24608,Capella,,-0.23752166,276.12045512,313.06965947,Solstizio invernale,
-60.0,60718,Acrux (Cr.Sud),Cr.Sud,0.79071121,151.28604918,20.82433272,,
-60.0,26727,Alnitak (Cin.Orione),Cin.Orione,1.75462637,62.51323329,251.51078072,,
-60.0,17702,Alcyone (Pleiadi),Pleiadi,2.86261798,295.02635784,267.13264896,,
-60.0,20894,Chamukuy (Iadi),Iadi,3.27928552,319.94347652,261.5970192,Inizio freddo,
-59.0,32349,Sirius,,-0.96499702,59.83989047,324.38488216,,
-59.0,24608,Capella,,-0.23246793,284.88136049,324.69448945,,
-59.0,60718,Acrux (Cr.Sud),Cr.Sud,0.79045641,157.92849841,28.3520011,,
-59.0,26727,Alnitak (Cin.Orione),Cin.Orione,1.75481027,66.98477984,281.27912926,,
-59.0,17702,Alcyone (Pleiadi),Pleiadi,2.86278223,310.39138857,282.11311499,,
-59.0,20894,Chamukuy (Iadi),Iadi,3.28126529,339.53557056,279.13786635,,
-58.0,32349,Sirius,,-0.97347604,68.45683583,340.22774366,,
-58.0,24608,Capella,,-0.22740891,292.85684793,337.02728786,,
-58.0,60718,Acrux (Cr.Sud),Cr.Sud,0.79020166,165.75386234,34.5054852,,
-58.0,26727,Alnitak (Cin.Orione),Cin.Orione,1.75499415,72.59911338,303.23431602,,
-58.0,17702,Alcyone (Pleiadi),Pleiadi,2.86294658,325.98812118,296.70224258,,
-58.0,20894,Chamukuy (Iadi),Iadi,3.283244,359.09371532,295.62513731,,
-57.0,32349,Sirius,,-0.98194939,76.54176632,354.87049283,,
-57.0,24608,Capella,,-0.2223448,299.87339147,350.22331292,,
-57.0,60718,Acrux (Cr.Sud),Cr.Sud,0.78994695,174.87318446,39.23919545,,
-57.0,26727,Alnitak (Cin.Orione),Cin.Orione,1.75517802,78.48072531,321.53509724,,Inizio freddo
-57.0,17702,Alcyone (Pleiadi),Pleiadi,2.86311103,341.74667503,311.0090262,,
-57.0,20894,Chamukuy (Iadi),Iadi,3.28522165,12.70723208,311.26867298,,
-56.0,32349,Sirius,,-0.99041638,84.35215157,3.27365523,,Equinozio primavera
-56.0,24608,Capella,,-0.21727578,305.60257675,364.52810908,,Equinozio primavera
-56.0,60718,Acrux (Cr.Sud),Cr.Sud,0.78969229,185.59024094,42.32923943,Equinozio autunno,Inizio semina
-56.0,26727,Alnitak (Cin.Orione),Cin.Orione,1.75536187,84.43031799,337.70098439,,
-56.0,17702,Alcyone (Pleiadi),Pleiadi,2.8632756,357.56081385,325.14756946,,
-56.0,20894,Chamukuy (Iadi),Iadi,3.28719824,30.216641,326.28037252,,
-55.0,32349,Sirius,,-0.99887637,92.0865853,16.01836325,Solstizio estivo,
-55.0,24608,Capella,,-0.21220201,309.38074355,15.13391226,,
-55.0,60718,Acrux (Cr.Sud),Cr.Sud,0.78943766,198.66164993,43.14440334,,Inizio semina
-55.0,26727,Alnitak (Cin.Orione),Cin.Orione,1.75554571,90.42987006,352.39939476,Solstizio estivo,
-55.0,17702,Alcyone (Pleiadi),Pleiadi,2.86344027,8.04265146,339.21579907,,
-55.0,20894,Chamukuy (Iadi),Iadi,3.28917375,45.88172899,340.81832445,Inizio semina,
-54.0,32349,Sirius,,-1.00732865,99.91655435,27.89858193,,
-54.0,24608,Capella,,-0.20712368,309.58422431,33.5263447,,
-54.0,26727,Alnitak (Cin.Orione),Cin.Orione,1.75572953,96.53545975,365.94964656,Solstizio estivo,Equinozio primavera
-54.0,17702,Alcyone (Pleiadi),Pleiadi,2.86360504,23.47853092,353.28222021,,
-54.0,20894,Chamukuy (Iadi),Iadi,3.29114821,59.48435353,354.97324211,,
-53.0,32349,Sirius,,-1.01577254,107.99777385,38.91780218,,
-53.0,24608,Capella,,-0.20204097,298.54283226,59.52513796,,
-53.0,26727,Alnitak (Cin.Orione),Cin.Orione,1.75591334,102.84304156,13.26161789,,
-53.0,17702,Alcyone (Pleiadi),Pleiadi,2.86376992,38.36991286,2.13468347,,Equinozio primavera
-53.0,20894,Chamukuy (Iadi),Iadi,3.2931216,71.1611451,3.52766413,,Equinozio primavera
-52.0,32349,Sirius,,-1.02420731,116.46949811,49.06881205,,Inizio semina
-52.0,24436,Rigel,,0.09059634,107.09065934,18.15976185,,
-52.0,26727,Alnitak (Cin.Orione),Cin.Orione,1.75609713,109.4727946,24.88253004,,
-52.0,17702,Alcyone (Pleiadi),Pleiadi,2.86393491,52.43838443,16.2402102,,
-52.0,20894,Chamukuy (Iadi),Iadi,3.29509392,81.33720632,16.92817412,,
-51.0,32349,Sirius,,-1.03263224,125.44733729,58.35320391,,
-51.0,24436,Rigel,,0.09077085,113.56970031,29.19540318,,
-51.0,26727,Alnitak (Cin.Orione),Cin.Orione,1.75628091,116.55665786,35.58605327,,
-51.0,17702,Alcyone (Pleiadi),Pleiadi,2.8641,65.49335704,30.28038239,,
-51.0,20894,Chamukuy (Iadi),Iadi,3.29706517,90.57323347,29.83571518,Solstizio estivo,
-50.0,32349,Sirius,,-1.04104658,135.01635328,66.79593741,Inizio raccolta,
-50.0,24436,Rigel,,0.09094535,120.63911594,39.29492601,,
-50.0,26727,Alnitak (Cin.Orione),Cin.Orione,1.75646467,124.22370835,45.37175395,,Inizio semina
-50.0,17702,Alcyone (Pleiadi),Pleiadi,2.8642652,77.58033432,44.10732056,,Inizio semina
-50.0,20894,Chamukuy (Iadi),Iadi,3.29903536,99.44090714,42.10396682,,Inizio semina
-49.0,32349,Sirius,,-1.04944957,145.23152342,74.45006549,,
-49.0,24436,Rigel,,0.09111983,128.36905247,48.49300188,,Inizio semina
-49.0,26727,Alnitak (Cin.Orione),Cin.Orione,1.75664842,132.58369426,54.2491057,Inizio raccolta,
-49.0,17702,Alcyone (Pleiadi),Pleiadi,2.8644305,89.04957847,57.49907741,Solstizio estivo,
-49.0,20894,Chamukuy (Iadi),Iadi,3.30100448,108.45520082,53.56597258,,
-48.0,32349,Sirius,,-1.05784043,156.12900902,81.3894069,,
-48.0,24436,Rigel,,0.0912943,136.82629557,56.82565521,Inizio raccolta,
-48.0,26727,Alnitak (Cin.Orione),Cin.Orione,1.75683215,141.71397888,62.25736162,Inizio raccolta,
-48.0,17702,Alcyone (Pleiadi),Pleiadi,2.86459591,100.45965525,70.2054102,,
-48.0,20894,Chamukuy (Iadi),Iadi,3.30297253,118.02395131,64.09527481,,
-47.0,32349,Sirius,,-1.06621837,167.74633388,87.69186507,,Solstizio estivo
-47.0,24436,Rigel,,0.09146875,146.06538643,64.34244738,,
-47.0,26727,Alnitak (Cin.Orione),Cin.Orione,1.75701587,151.65693158,69.47371558,,
-47.0,17702,Alcyone (Pleiadi),Pleiadi,2.86476143,112.33983465,82.09216523,,
-47.0,20894,Chamukuy (Iadi),Iadi,3.30493951,128.39413107,73.68903921,,
-46.0,32349,Sirius,,-1.07458259,180.14795491,93.41771766,Equinozio autunno,Solstizio estivo
-46.0,24436,Rigel,,0.09164319,156.13032051,71.10765508,,
-46.0,26727,Alnitak (Cin.Orione),Cin.Orione,1.75719957,162.43100887,76.0075148,,
-46.0,17702,Alcyone (Pleiadi),Pleiadi,2.86492705,124.94440325,93.32738309,,Solstizio estivo
-46.0,20894,Chamukuy (Iadi),Iadi,3.30690541,139.62768586,82.52592533,Inizio raccolta,
-45.0,32349,Sirius,,-1.08293227,193.45735692,98.58319673,,
-45.0,24608,Capella,,-0.16124144,134.40403763,239.38198382,Inizio raccolta,
-45.0,26727,Alnitak (Cin.Orione),Cin.Orione,1.75738326,174.05261111,81.98435254,,
-45.0,17702,Alcyone (Pleiadi),Pleiadi,2.86509278,138.20739201,104.39794787,Inizio raccolta,
-45.0,20894,Chamukuy (Iadi),Iadi,3.30887025,151.6420622,90.96003257,,Solstizio estivo
-44.0,32349,Sirius,,-1.09126656,207.90851737,103.12032932,,
-44.0,24608,Capella,,-0.15612671,156.09136313,233.54445052,,
-44.0,26727,Alnitak (Cin.Orione),Cin.Orione,1.75756694,186.56383232,87.52633611,Equinozio autunno,Solstizio estivo
-44.0,17702,Alcyone (Pleiadi),Pleiadi,2.86525861,151.90681016,115.90113348,,
-44.0,20894,Chamukuy (Iadi),Iadi,3.31083401,164.2915309,99.47348301,,
-43.0,32349,Sirius,,-1.0995846,223.95969215,106.79238192,Fine raccolta,
-43.0,24608,Capella,,-0.15100923,173.35124814,234.57253128,,
-43.0,26727,Alnitak (Cin.Orione),Cin.Orione,1.7577506,200.06621579,92.73146229,,Solstizio estivo
-43.0,17702,Alcyone (Pleiadi),Pleiadi,2.86542455,165.82653832,128.29544367,,
-43.0,20894,Chamukuy (Iadi),Iadi,3.31279671,177.43729383,108.63213654,,
-42.0,32349,Sirius,,-1.10788553,242.63199923,108.95200408,,
-42.0,24608,Capella,,-0.14588913,188.58632299,238.55099059,,
-42.0,26727,Alnitak (Cin.Orione),Cin.Orione,1.75793424,214.77226832,97.64797925,,
-42.0,17702,Alcyone (Pleiadi),Pleiadi,2.86559059,179.81926975,141.75404157,Equinozio autunno,Inizio raccolta
-42.0,20894,Chamukuy (Iadi),Iadi,3.31475833,190.98490697,119.04241821,,
-41.0,32349,Sirius,,-1.11616847,267.06645395,107.45986544,,
-41.0,24608,Capella,,-0.14076657,202.53747571,244.28557227,,
-41.0,26727,Alnitak (Cin.Orione),Cin.Orione,1.75811787,231.11224698,102.22757233,Fine raccolta,
-41.0,17702,Alcyone (Pleiadi),Pleiadi,2.86575674,193.81059219,156.17411387,,
-41.0,20894,Chamukuy (Iadi),Iadi,3.31671887,204.898164,131.26167493,,
-40.0,24608,Capella,,-0.13564169,215.57782499,251.24512257,,
-40.0,24436,Rigel,,0.09268954,241.20227267,96.43013641,,Solstizio estivo
-40.0,26727,Alnitak (Cin.Orione),Cin.Orione,1.75830149,250.01887443,106.20417093,,
-40.0,17702,Alcyone (Pleiadi),Pleiadi,2.86592299,207.78722789,171.30536819,,
-40.0,20894,Chamukuy (Iadi),Iadi,3.31867834,219.20402193,145.64046801,,
-39.0,24608,Capella,,-0.13051465,227.93955112,259.15462069,Fine raccolta,
-39.0,24436,Rigel,,0.09286388,267.01934904,93.71817181,,Solstizio estivo
-39.0,26727,Alnitak (Cin.Orione),Cin.Orione,1.75848509,273.93941588,108.64563492,Solstizio invernale,
-39.0,17702,Alcyone (Pleiadi),Pleiadi,2.86608935,221.78520244,186.88095398,,Equinozio autunno
-39.0,20894,Chamukuy (Iadi),Iadi,3.32063674,233.99712533,162.18073765,,
-38.0,24608,Capella,,-0.12538559,239.78225786,267.86126896,,
-38.0,7588,Achernar,,0.41987879,194.11252921,45.29958613,,Inizio semina
-38.0,60718,Acrux (Cr.Sud),Cr.Sud,0.78511603,143.45012115,341.33308962,,
-38.0,17702,Alcyone (Pleiadi),Pleiadi,2.86625581,235.88051657,202.67891124,,
-38.0,20894,Chamukuy (Iadi),Iadi,3.32259406,249.44501378,180.52801247,,Equinozio autunno
-37.0,24608,Capella,,-0.12025465,251.22031626,277.27933169,,Solstizio invernale
-37.0,7588,Achernar,,0.4207036,210.31236472,43.71774463,,Inizio semina
-37.0,60718,Acrux (Cr.Sud),Cr.Sud,0.78486223,142.09918027,356.7862021,,
-37.0,17702,Alcyone (Pleiadi),Pleiadi,2.86642238,250.18044128,218.52747499,,
-37.0,20894,Chamukuy (Iadi),Iadi,3.32455031,265.78443101,200.07793635,,
-36.0,24608,Capella,,-0.11512197,262.33632383,287.36447445,,
-36.0,37279,Procyon,,0.5286963,355.80341702,293.793495,,
-36.0,60718,Acrux (Cr.Sud),Cr.Sud,0.78460847,144.05190386,3.52383665,,Equinozio primavera
-36.0,17702,Alcyone (Pleiadi),Pleiadi,2.86658906,264.81121375,234.29276737,,
-36.0,20894,Chamukuy (Iadi),Iadi,3.32650548,283.28031642,220.09838178,,
-35.0,24608,Capella,,-0.10998768,273.18851513,298.10126783,Solstizio invernale,
-35.0,37279,Procyon,,0.52413224,9.28578907,309.5668806,,
-35.0,60718,Acrux (Cr.Sud),Cr.Sud,0.78435476,147.9975687,13.54508405,,
-35.0,17702,Alcyone (Pleiadi),Pleiadi,2.86675584,279.89695805,249.87359962,,
-35.0,20894,Chamukuy (Iadi),Iadi,3.32845957,302.10461222,239.86131584,,
-34.0,32349,Sirius,,-1.1735669,83.21044521,285.69623068,,
-34.0,24608,Capella,,-0.10485193,283.8144702,309.49741192,,
-34.0,60718,Acrux (Cr.Sud),Cr.Sud,0.78410109,153.52111778,22.12198221,,
-34.0,17702,Alcyone (Pleiadi),Pleiadi,2.86692272,295.5285144,265.20955196,,
-34.0,20894,Chamukuy (Iadi),Iadi,3.33041258,322.13998247,258.81938588,Inizio freddo,
-33.0,32349,Sirius,,-1.18167187,82.2953536,310.15866921,,
-33.0,24608,Capella,,-0.09971484,294.2319239,321.58170247,,Inizio freddo
-33.0,60718,Acrux (Cr.Sud),Cr.Sud,0.78384747,160.4857241,29.45572082,,
-33.0,26727,Alnitak (Cin.Orione),Cin.Orione,1.75958638,74.28185043,272.02928808,,Solstizio invernale
-33.0,17702,Alcyone (Pleiadi),Pleiadi,2.86708971,311.7306364,280.29238955,,
-33.0,20894,Chamukuy (Iadi),Iadi,3.33236452,342.84482671,276.74391503,,Solstizio invernale
-32.0,32349,Sirius,,-1.1897501,85.14282464,329.09754095,,
-32.0,24608,Capella,,-0.09457656,304.43713513,334.40429583,,
-32.0,60718,Acrux (Cr.Sud),Cr.Sud,0.7835939,168.90634918,35.5818762,,
-32.0,26727,Alnitak (Cin.Orione),Cin.Orione,1.75976988,76.59014943,297.19034526,,
-32.0,17702,Alcyone (Pleiadi),Pleiadi,2.8672568,328.44134007,295.16428578,,
-32.0,20894,Chamukuy (Iadi),Iadi,3.33431538,363.33805498,293.69490963,Equinozio primavera,
-31.0,32349,Sirius,,-1.19780052,89.6630495,345.45200818,Solstizio estivo,
-31.0,24608,Capella,,-0.08943722,314.40067378,348.03921869,Inizio freddo,
-31.0,60718,Acrux (Cr.Sud),Cr.Sud,0.78334037,178.9473913,40.38571648,Equinozio autunno,
-31.0,26727,Alnitak (Cin.Orione),Cin.Orione,1.75995336,80.92442159,317.02989841,,Inizio freddo
-31.0,17702,Alcyone (Pleiadi),Pleiadi,2.867424,345.50706146,309.89753439,,
-31.0,20894,Chamukuy (Iadi),Iadi,3.33626516,17.42427093,309.86624097,,
-30.0,32349,Sirius,,-1.20582208,95.22735395,360.13424681,Solstizio estivo,
-30.0,24608,Capella,,-0.08429693,324.05858785,362.59148261,,Equinozio primavera
-30.0,60718,Acrux (Cr.Sud),Cr.Sud,0.78308688,191.03298634,43.51032804,,Inizio semina
-30.0,26727,Alnitak (Cin.Orione),Cin.Orione,1.76013683,86.18650332,334.2239575,,
-30.0,17702,Alcyone (Pleiadi),Pleiadi,2.8675913,362.68460556,324.56653116,Equinozio primavera,
-30.0,20894,Chamukuy (Iadi),Iadi,3.33821386,34.85489391,325.45035179,,
-29.0,32349,Sirius,,-1.21381367,101.59093417,8.2915186,,
-29.0,24608,Capella,,-0.07915584,333.29192022,12.97471983,,
-29.0,60718,Acrux (Cr.Sud),Cr.Sud,0.78283345,206.32434739,43.93364393,,Inizio semina
-29.0,26727,Alnitak (Cin.Orione),Cin.Orione,1.76032028,92.04537431,349.73735756,Solstizio estivo,
-29.0,17702,Alcyone (Pleiadi),Pleiadi,2.86775871,14.40475144,339.22459197,,
-29.0,20894,Chamukuy (Iadi),Iadi,3.34016148,50.07753693,340.57748768,Inizio semina,
-28.0,32349,Sirius,,-1.22177419,108.65985873,20.59500164,,
-28.0,24608,Capella,,-0.07401406,341.87182778,29.93837353,,
-28.0,26727,Alnitak (Cin.Orione),Cin.Orione,1.76050372,98.40304035,363.98967619,,Equinozio primavera
-28.0,17702,Alcyone (Pleiadi),Pleiadi,2.86792622,30.76923131,353.88934122,,
-28.0,20894,Chamukuy (Iadi),Iadi,3.34210802,63.23478098,355.30390617,,
-27.0,32349,Sirius,,-1.22970253,116.41044664,31.89432625,,
-27.0,24608,Capella,,-0.06887172,349.2799893,48.80795099,,Inizio semina
-27.0,26727,Alnitak (Cin.Orione),Cin.Orione,1.76068714,105.25881526,11.93022333,,
-27.0,17702,Alcyone (Pleiadi),Pleiadi,2.86809384,46.17762382,3.29183894,Inizio semina,Equinozio primavera
-27.0,20894,Chamukuy (Iadi),Iadi,3.34405348,74.77490816,4.37575074,,Equinozio primavera
-26.0,32349,Sirius,,-1.23759753,124.85289117,42.23406384,,Inizio semina
-26.0,24608,Capella,,-0.06372895,353.84676721,71.30812109,,
-26.0,26727,Alnitak (Cin.Orione),Cin.Orione,1.76087055,112.65939872,24.12476666,,
-26.0,17702,Alcyone (Pleiadi),Pleiadi,2.86826156,60.42508358,17.83935893,,
-26.0,20894,Chamukuy (Iadi),Iadi,3.34599786,85.25386187,18.20787764,,
-25.0,32349,Sirius,,-1.24545804,134.01233817,51.63666412,Inizio raccolta,
-25.0,69673,Arcturus,,0.06886295,177.38676452,271.18300997,,Solstizio invernale
-25.0,26727,Alnitak (Cin.Orione),Cin.Orione,1.76105394,120.67309904,35.35858674,,
-25.0,17702,Alcyone (Pleiadi),Pleiadi,2.86842939,73.56565985,32.15825784,,
-25.0,20894,Chamukuy (Iadi),Iadi,3.34794115,95.20626698,31.44328003,Solstizio estivo,
-24.0,32349,Sirius,,-1.25328289,143.92066163,60.11485658,,
-24.0,69673,Arcturus,,0.06157259,194.13220467,271.63616764,,Solstizio invernale
-24.0,26727,Alnitak (Cin.Orione),Cin.Orione,1.76123732,129.37137163,45.63964781,,Inizio semina
-24.0,17702,Alcyone (Pleiadi),Pleiadi,2.86859732,85.9107195,46.06617221,,Inizio semina
-24.0,20894,Chamukuy (Iadi),Iadi,3.34988337,105.09465412,43.94266728,,Inizio semina
-23.0,32349,Sirius,,-1.26107089,154.61825693,67.67295564,,
-23.0,69673,Arcturus,,0.0544743,208.35408642,275.14857116,,Solstizio invernale
-23.0,26727,Alnitak (Cin.Orione),Cin.Orione,1.76142068,138.81453223,54.98023477,Inizio raccolta,
-23.0,17702,Alcyone (Pleiadi),Pleiadi,2.86876536,97.92162755,59.35563037,,
-23.0,20894,Chamukuy (Iadi),Iadi,3.3518245,115.28931747,55.57852928,,
-22.0,32349,Sirius,,-1.26882082,166.16668806,74.29666535,,
-22.0,69673,Arcturus,,0.0475722,220.99939037,280.49226778,,
-22.0,26727,Alnitak (Cin.Orione),Cin.Orione,1.76160403,149.04431225,63.41096954,,
-22.0,17702,Alcyone (Pleiadi),Pleiadi,2.86893349,110.0575026,71.86280146,,
-22.0,20894,Chamukuy (Iadi),Iadi,3.35376455,126.04673647,66.28617253,,
-21.0,32349,Sirius,,-1.27653148,178.67456282,79.92958078,Equinozio autunno,
-21.0,24608,Capella,,-0.03801268,114.09635148,189.61231265,,
-21.0,26727,Alnitak (Cin.Orione),Cin.Orione,1.76178737,160.08683035,70.98313132,,
-21.0,17702,Alcyone (Pleiadi),Pleiadi,2.86910174,122.63211199,83.57211034,,
-21.0,20894,Chamukuy (Iadi),Iadi,3.35570352,137.49167603,76.1111489,Inizio raccolta,
-20.0,32349,Sirius,,-1.28420161,192.34624606,84.42844576,,
-20.0,24608,Capella,,-0.03286976,136.08697084,194.04836348,Inizio raccolta,
-20.0,26727,Alnitak (Cin.Orione),Cin.Orione,1.76197069,171.96684506,77.75963597,,
-20.0,17702,Alcyone (Pleiadi),Pleiadi,2.86927009,135.7422101,94.68880014,Inizio raccolta,Solstizio estivo
-20.0,20894,Chamukuy (Iadi),Iadi,3.3576414,149.62662226,85.22756957,,
-19.0,32349,Sirius,,-1.29182997,207.59045791,87.46656032,,Solstizio estivo
-19.0,24608,Capella,,-0.02772721,154.55744176,201.03812626,,
-19.0,26727,Alnitak (Cin.Orione),Cin.Orione,1.76215399,184.73182147,83.79759985,Equinozio autunno,
-19.0,17702,Alcyone (Pleiadi),Pleiadi,2.86943854,149.30833126,105.61377271,,
-19.0,20894,Chamukuy (Iadi),Iadi,3.3595782,162.37426046,93.92417442,,Solstizio estivo
-18.0,32349,Sirius,,-1.29941528,225.3509918,88.25456293,Fine raccolta,Solstizio estivo
-18.0,24608,Capella,,-0.02258514,171.15716071,209.14106755,,
-18.0,26727,Alnitak (Cin.Orione),Cin.Orione,1.76233728,198.48701016,89.1240293,,Solstizio estivo
-18.0,17702,Alcyone (Pleiadi),Pleiadi,2.86960709,163.17676342,116.84596024,,
-18.0,20894,Chamukuy (Iadi),Iadi,3.36151391,175.63129576,102.58329694,,
-17.0,32349,Sirius,,-1.30695625,248.89773546,84.09607347,,
-17.0,24608,Capella,,-0.01744367,186.46954012,217.90041363,Equinozio autunno,
-17.0,26727,Alnitak (Cin.Orione),Cin.Orione,1.76252056,213.45441203,93.69861954,,Solstizio estivo
-17.0,17702,Alcyone (Pleiadi),Pleiadi,2.86977575,177.20108963,128.86849868,,
-17.0,20894,Chamukuy (Iadi),Iadi,3.36344854,189.31082033,111.6765556,,
-16.0,24608,Capella,,-0.01230289,200.78639425,227.11564927,,Fine raccolta
-16.0,69673,Arcturus,,0.01050233,276.98700289,333.58312998,Solstizio invernale,
-16.0,26727,Alnitak (Cin.Orione),Cin.Orione,1.76270382,230.10277465,97.33760171,Fine raccolta,
-16.0,17702,Alcyone (Pleiadi),Pleiadi,2.86994452,191.27900017,142.03256051,,
-16.0,20894,Chamukuy (Iadi),Iadi,3.36538208,203.36800677,121.77405944,,
-15.0,24608,Capella,,-0.00716291,214.29246365,236.68302796,,
-15.0,69673,Arcturus,,0.00508341,283.17298663,345.55612739,,
-15.0,26727,Alnitak (Cin.Orione),Cin.Orione,1.76288707,249.53220906,99.49762483,,
-15.0,17702,Alcyone (Pleiadi),Pleiadi,2.87011339,205.36118162,156.45891192,,
-15.0,20894,Chamukuy (Iadi),Iadi,3.36731454,217.81608604,133.52948685,,Inizio raccolta
-14.0,24608,Capella,,-0.00202383,227.12350785,246.54583383,Fine raccolta,
-14.0,69673,Arcturus,,-0.00010889,287.98854994,358.80452821,,
-14.0,26727,Alnitak (Cin.Orione),Cin.Orione,1.7630703,275.2506789,98.29448764,Solstizio invernale,
-14.0,17702,Alcyone (Pleiadi),Pleiadi,2.87028236,219.45010941,172.01585366,,
-14.0,20894,Chamukuy (Iadi),Iadi,3.36924592,232.74107297,147.5768185,Fine raccolta,
-13.0,69673,Arcturus,,-0.00507117,290.76006505,8.58833,,
-13.0,24608,Capella,,0.00311424,239.3872286,256.67572902,,
-13.0,60718,Acrux (Cr.Sud),Cr.Sud,0.77878476,135.90251042,341.36648195,Inizio raccolta,
-13.0,17702,Alcyone (Pleiadi),Pleiadi,2.87045143,233.59670332,188.3941049,,
-13.0,20894,Chamukuy (Iadi),Iadi,3.3711762,248.31944777,164.30570495,,
-12.0,69673,Arcturus,,-0.00980015,289.73368124,26.64887237,,
-12.0,24608,Capella,,0.0082512,251.17131046,267.0646904,,
-12.0,60718,Acrux (Cr.Sud),Cr.Sud,0.77853211,135.28988773,356.49026487,Inizio raccolta,
-12.0,17702,Alcyone (Pleiadi),Pleiadi,2.87062061,247.89565849,205.21649386,,
-12.0,20894,Chamukuy (Iadi),Iadi,3.3731054,264.8323119,183.6039392,,Equinozio autunno
-11.0,24608,Capella,,0.01338696,262.54658379,277.72089572,,Solstizio invernale
-11.0,71683,Rigil Kentaurus,,0.23372701,131.04876179,36.65145091,,
-11.0,60718,Acrux (Cr.Sud),Cr.Sud,0.77827951,137.23214727,3.28359696,Inizio raccolta,Equinozio primavera
-11.0,17702,Alcyone (Pleiadi),Pleiadi,2.8707899,262.47545322,222.11704673,,
-11.0,20894,Chamukuy (Iadi),Iadi,3.37503352,282.64158376,204.73273185,,
-10.0,24608,Capella,,0.01852142,273.56836595,288.66637681,Solstizio invernale,
-10.0,71683,Rigil Kentaurus,,0.19591556,138.15622357,44.37235562,Inizio raccolta,Inizio semina
-10.0,60718,Acrux (Cr.Sud),Cr.Sud,0.77802696,140.74862349,13.42122708,Inizio raccolta,
-10.0,17702,Alcyone (Pleiadi),Pleiadi,2.87095929,277.47534943,238.78324726,Solstizio invernale,
-10.0,20894,Chamukuy (Iadi),Iadi,3.37696055,302.04620323,226.45110537,,Fine raccolta
-9.0,24608,Capella,,0.02365448,284.27722629,299.9359681,,
-9.0,71683,Rigil Kentaurus,,0.15773003,145.94681819,51.22375492,,
-9.0,60718,Acrux (Cr.Sud),Cr.Sud,0.77777445,145.4923698,22.13115705,,
-9.0,17702,Alcyone (Pleiadi),Pleiadi,2.87112878,293.00351499,254.9870996,,
-9.0,20894,Chamukuy (Iadi),Iadi,3.37888649,322.96211962,247.45175048,Inizio freddo,
-8.0,24608,Capella,,0.02878605,294.69958902,311.57750116,,
-8.0,71683,Rigil Kentaurus,,0.11917859,154.46629926,57.23968229,,
-8.0,60718,Acrux (Cr.Sud),Cr.Sud,0.77752199,151.33320689,29.63681228,,
-8.0,17702,Alcyone (Pleiadi),Pleiadi,2.87129837,309.08552009,270.61468029,,Solstizio invernale
-8.0,20894,Chamukuy (Iadi),Iadi,3.38081134,344.64253662,266.92484355,,
-7.0,32349,Sirius,,-1.37963443,106.21224991,310.82883646,,
-7.0,24608,Capella,,0.03391604,304.84817568,323.65296009,,Inizio freddo
-7.0,60718,Acrux (Cr.Sud),Cr.Sud,0.77726958,158.24943515,36.04093051,,
-7.0,26727,Alnitak (Cin.Orione),Cin.Orione,1.76435251,85.70792539,287.50908342,,
-7.0,17702,Alcyone (Pleiadi),Pleiadi,2.87146807,325.63156994,285.67432776,,
-7.0,20894,Chamukuy (Iadi),Iadi,3.3827351,365.84280117,284.75144665,Equinozio primavera,
-6.0,32349,Sirius,,-1.38659879,103.70833185,331.5878216,,
-6.0,24608,Capella,,0.03904435,314.72202477,336.24018331,Inizio freddo,
-6.0,60718,Acrux (Cr.Sud),Cr.Sud,0.77701721,166.29932848,41.36347795,,Inizio semina
-6.0,26727,Alnitak (Cin.Orione),Cin.Orione,1.76453562,86.36517096,309.43843336,,
-6.0,17702,Alcyone (Pleiadi),Pleiadi,2.87163787,342.4415332,300.26620936,,
-6.0,20894,Chamukuy (Iadi),Iadi,3.38465778,20.09843786,301.22334201,,
-5.0,32349,Sirius,,-1.3935023,104.86382073,347.73864226,,
-5.0,71683,Rigil Kentaurus,,0.0014417,185.22339688,70.23037164,Equinozio autunno,
-5.0,60718,Acrux (Cr.Sud),Cr.Sud,0.7767649,175.63462127,45.53610138,,Inizio semina
-5.0,26727,Alnitak (Cin.Orione),Cin.Orione,1.76471872,89.0812858,327.18592057,Solstizio estivo,
-5.0,17702,Alcyone (Pleiadi),Pleiadi,2.87180777,359.2320641,314.52972127,,Inizio freddo
-5.0,20894,Chamukuy (Iadi),Iadi,3.38657937,37.09950772,316.70885142,,Inizio freddo
-4.0,32349,Sirius,,-1.40034351,107.8205111,361.57257038,,Equinozio primavera
-4.0,71683,Rigil Kentaurus,,-0.03844837,197.83246755,72.5398255,,
-4.0,60718,Acrux (Cr.Sud),Cr.Sud,0.77651263,186.56912783,48.34493708,Equinozio autunno,Inizio semina
-4.0,26727,Alnitak (Cin.Orione),Cin.Orione,1.7649018,92.83555926,342.74251669,Solstizio estivo,
-4.0,17702,Alcyone (Pleiadi),Pleiadi,2.87197778,10.41914006,328.59864957,,
-4.0,20894,Chamukuy (Iadi),Iadi,3.38849987,51.37958553,331.49942676,,
-3.0,32349,Sirius,,-1.40712096,111.99924535,8.59976252,,
-3.0,71683,Rigil Kentaurus,,-0.0786287,212.44221536,73.2262217,,
-3.0,60718,Acrux (Cr.Sud),Cr.Sud,0.7762604,199.80403558,49.23353711,,Inizio semina
-3.0,26727,Alnitak (Cin.Orione),Cin.Orione,1.76508487,97.29964314,356.85998533,,
-3.0,17702,Alcyone (Pleiadi),Pleiadi,2.87214789,26.11351291,342.57592724,,
-3.0,20894,Chamukuy (Iadi),Iadi,3.39041928,63.22693942,345.78259621,,
-2.0,32349,Sirius,,-1.41383318,117.16770694,19.65264752,,
-2.0,71683,Rigil Kentaurus,,-0.11907519,230.83122779,70.84669929,Fine raccolta,
-2.0,60718,Acrux (Cr.Sud),Cr.Sud,0.77600823,217.53725128,46.32033291,,Inizio semina
-2.0,26727,Alnitak (Cin.Orione),Cin.Orione,1.76526793,102.38036429,4.64266663,,Equinozio primavera
-2.0,17702,Alcyone (Pleiadi),Pleiadi,2.87231811,40.72701254,356.52260664,,
-2.0,20894,Chamukuy (Iadi),Iadi,3.3923376,73.23431682,359.65523955,,
-1.0,32349,Sirius,,-1.42047868,123.23452724,29.67418222,,
-1.0,69673,Arcturus,,-0.04561735,158.18810856,238.35117459,,
-1.0,26727,Alnitak (Cin.Orione),Cin.Orione,1.76545097,108.08949187,16.74485412,,
-1.0,17702,Alcyone (Pleiadi),Pleiadi,2.87248843,54.04969405,5.21037275,,
-1.0,20894,Chamukuy (Iadi),Iadi,3.39425484,82.0659936,7.89819857,,
0.0,32349,Sirius,,-1.42705598,130.17558507,38.76961704,,
0.0,69673,Arcturus,,-0.04734129,175.86226489,238.14061062,,
0.0,26727,Alnitak (Cin.Orione),Cin.Orione,1.76563399,114.49024674,28.00540201,,
0.0,17702,Alcyone (Pleiadi),Pleiadi,2.87265885,66.11560419,19.08588234,,
0.0,20894,Chamukuy (Iadi),Iadi,3.39617098,90.32420209,20.95812351,Solstizio estivo,
