epoch_kyr,rank,HIP,star_label,Vmag,dec_deg,pole_dist_deg
-100.0,1,116727,Errai,3.81346239,82.63629376,7.363706239999999
-100.0,2,11767,Polaris,2.02006444,82.30618919,7.693810810000002
-100.0,3,9598,Gang,4.03108184,77.96690314,12.03309686
-99.0,1,116727,Errai,3.80823837,87.37917679,2.6208232099999975
-99.0,2,112724,HIP 112724,3.5984391,83.42928042,6.570719580000002
-99.0,3,106032,Alfirk,3.19879606,79.37571078,10.624289219999994
-98.0,1,112724,HIP 112724,3.59762091,88.75336486,1.246635139999995
-98.0,2,116727,Errai,3.80300231,84.69917513,5.30082487
-98.0,3,106032,Alfirk,3.19870857,81.70531301,8.294686990000002
-97.0,1,112724,HIP 112724,3.5968033,85.06771386,4.932286140000002
-97.0,2,746,Caph,2.19953919,83.6015057,6.398494299999996
-97.0,3,106032,Alfirk,3.19862109,81.79263457,8.207365429999996
-96.0,1,746,Caph,2.19938316,89.18125407,0.8187459300000057
-96.0,2,109492,HIP 109492,3.41371291,87.15636232,2.8436376800000005
-96.0,3,107259,Garnet Star,4.53950454,86.12316005,3.8768399500000044
-95.0,1,107259,Garnet Star,4.53950953,87.63883819,2.3611618099999987
-95.0,2,109492,HIP 109492,3.41357291,86.06473435,3.935265650000005
-95.0,3,746,Caph,2.19924487,84.91281873,5.087181270000002
-94.0,1,102422,HIP 102422,4.50464551,82.90849556,7.091504439999994
-94.0,2,107259,Garnet Star,4.53951451,82.44991302,7.550086980000003
-94.0,3,3821,Achird,3.49435254,82.39292331,7.6070766899999995
-93.0,1,102422,HIP 102422,4.4954056,88.65327659,1.3467234099999956
-93.0,2,102098,Deneb,1.2481937,86.00206765,3.9979323499999992
-93.0,3,99675,HIP 99675,3.80424511,84.2970953,5.702904700000005
-92.0,1,99675,HIP 99675,3.80420044,89.66044666,0.3395533399999948
-92.0,2,102422,HIP 102422,4.48613106,85.59182768,4.408172320000006
-92.0,3,102098,Deneb,1.2481706,85.20208436,4.797915639999999
-91.0,1,97165,Fawaris,2.94687484,89.03668828,0.963311719999993
-91.0,2,95853,HIP 95853,3.89506947,84.60539745,5.394602550000002
-91.0,3,99675,HIP 99675,3.80415576,84.34071967,5.659280330000001
-90.0,1,92862,HIP 92862,4.69097815,85.96405055,4.035949450000004
-90.0,2,97165,Fawaris,2.94595063,85.23614006,4.763859940000003
-90.0,3,95853,HIP 95853,3.89390157,83.61319524,6.386804760000004
-89.0,1,92862,HIP 92862,4.69030946,88.30214681,1.6978531900000036
-89.0,2,86974,HIP 86974,3.84890497,85.65506825,4.344931750000001
-89.0,3,92420,Sheliak,3.82133545,81.57847613,8.421523870000001
-88.0,1,86974,HIP 86974,3.84363832,87.54125466,2.458745339999993
-88.0,2,86414,HIP 86414,3.82590348,82.77828458,7.221715419999995
-88.0,3,92862,HIP 92862,4.68964088,82.59189862,7.408101380000005
-87.0,1,86414,HIP 86414,3.82561722,86.38610246,3.6138975399999964
-87.0,2,86974,HIP 86974,3.83837488,82.75818484,7.241815160000002
-87.0,3,84380,Nuchuang,3.20754264,82.75367388,7.246326120000006
-86.0,1,86414,HIP 86414,3.82533092,84.47491536,5.525084640000003
-86.0,2,81833,HIP 81833,3.44877768,83.23759855,6.762401449999999
-86.0,3,84380,Nuchuang,3.2070456,82.96956739,7.030432610000005
-85.0,1,79992,Asuusiha,3.92614743,86.40597053,3.5940294699999953
-85.0,2,81833,HIP 81833,3.44928827,85.28791952,4.712080479999997
-85.0,3,69673,Arcturus,0.70881657,81.91745195,8.08254805
-84.0,1,79992,Asuusiha,3.92579978,86.67349687,3.326503130000006
-84.0,2,69673,Arcturus,0.69679463,84.63681891,5.363181089999998
-84.0,3,81833,HIP 81833,3.4497992,81.33962444,8.660375560000006
-83.0,1,69673,Arcturus,0.68477314,83.54259027,6.457409729999995
-83.0,2,75458,Edasich,3.35578161,82.61520449,7.384795510000004
-83.0,3,78072,HIP 78072,4.0403057,81.67292464,8.327075359999995
-82.0,1,75458,Edasich,3.35502988,86.46841698,3.5315830199999994
-82.0,2,69673,Arcturus,0.67275361,79.7513134,10.2486866
-82.0,3,80331,Athebyne,2.8208292,79.33920863,10.660791369999998
-81.0,1,75458,Edasich,3.35427791,84.93962887,5.060371129999993
-81.0,2,68756,Thuban,3.68735409,84.20044501,5.799554990000004
-81.0,3,67301,Alkaid,1.93259631,78.1739163,11.826083699999998
-80.0,1,68756,Thuban,3.68698421,89.44088432,0.559115680000005
-80.0,2,89937,HIP 89937,2.82236686,80.97087455,9.029125449999995
-80.0,3,75097,Pherkad,3.05177288,80.63951974,9.360480260000003
-79.0,1,89937,HIP 89937,2.83083008,86.54480107,3.4551989299999946
-79.0,2,68756,Thuban,3.68661443,84.48454181,5.515458190000004
-79.0,3,61281,HIP 61281,3.87691005,84.15827705,5.841722950000005
-78.0,1,89937,HIP 89937,2.83934084,87.85386269,2.1461373100000003
-78.0,2,61281,HIP 61281,3.87671953,84.19048196,5.80951804
-78.0,3,72607,Kochab,2.00463989,83.75354455,6.246455449999999
-77.0,1,89937,HIP 89937,2.84789752,82.4835204,7.516479599999997
-77.0,2,72607,Kochab,2.00560848,81.39104014,8.608959859999999
-77.0,3,61281,HIP 61281,3.87652917,79.70712101,10.292878990000006
-76.0,1,11767,Polaris,2.01293005,84.35014279,5.649857209999993
-76.0,2,72607,Kochab,2.00657671,77.66970364,12.330296360000006
-76.0,3,89937,HIP 89937,2.85649852,77.28199606,12.718003940000003
-75.0,1,11767,Polaris,2.01263357,89.81746655,0.182533449999994
-75.0,2,116727,Errai,3.67912722,75.42386151,14.576138490000005
-75.0,3,72607,Kochab,2.00754458,73.63433565,16.365664350000003
-74.0,1,11767,Polaris,2.01233715,84.73338614,5.266613860000007
-74.0,2,116727,Errai,3.67358586,80.83110118,9.168898819999995
-74.0,3,9598,Gang,4.01406486,75.83958228,14.160417719999998
-73.0,1,116727,Errai,3.66803104,85.24086134,4.759138660000005
-73.0,2,112724,HIP 112724,3.57735717,80.34715757,9.652842430000007
-73.0,3,106032,Alfirk,3.19652391,79.85078236,10.149217640000003
-72.0,1,112724,HIP 112724,3.57655447,85.07049961,4.929500390000001
-72.0,2,116727,Errai,3.66246272,84.47343833,5.526561670000007
-72.0,3,106032,Alfirk,3.19643663,83.67454603,6.325453969999998
-71.0,1,112724,HIP 112724,3.57575239,85.3153188,4.6846812
-71.0,2,106032,Alfirk,3.19634936,85.26280904,4.737190960000007
-71.0,3,746,Caph,2.20125063,82.38463136,7.61536864
-70.0,1,3821,Achird,3.41413866,85.99989402,4.000105980000001
-70.0,2,107259,Garnet Star,4.53963463,85.29382188,4.706178120000004
-70.0,3,109492,HIP 109492,3.41007352,83.90910674,6.090893260000001
-69.0,1,3821,Achird,3.41170233,88.2781337,1.721866300000002
-69.0,2,107259,Garnet Star,4.53963965,86.88212571,3.117874290000003
-69.0,3,105199,Alderamin,2.57124529,86.29266506,3.7073349399999955
-68.0,1,102422,HIP 102422,4.25258326,84.97746095,5.022539050000006
-68.0,2,105199,Alderamin,2.56955908,83.93913815,6.060861849999995
-68.0,3,3821,Achird,3.4093437,82.59364777,7.406352229999996
-67.0,1,102422,HIP 102422,4.24237094,87.1379678,2.8620322000000016
-67.0,2,99675,HIP 99675,3.80308345,84.24402728,5.755972720000003
-67.0,3,102098,Deneb,1.2475932,82.26962039,7.73037961
-66.0,1,95853,HIP 95853,3.86589827,85.99139347,4.0086065299999945
-66.0,2,99675,HIP 99675,3.80303877,85.37616888,4.6238311200000055
-66.0,3,97165,Fawaris,2.92370399,84.30008119,5.69991881
-65.0,1,95853,HIP 95853,3.86473274,87.96178095,2.038219049999995
-65.0,2,94779,HIP 94779,3.91042726,85.96656753,4.033432469999994
-65.0,3,97165,Fawaris,2.92277432,85.32309112,4.676908879999999
-64.0,1,92862,HIP 92862,4.67363075,86.17863557,3.8213644300000027
-64.0,2,94779,HIP 94779,3.90873608,84.14909461,5.850905389999994
-64.0,3,95853,HIP 95853,3.86356734,83.16740089,6.832599110000004
-63.0,1,86974,HIP 86974,3.71349142,83.93939905,6.060600949999994
-63.0,2,92862,HIP 92862,4.6729652,83.29330232,6.706697680000005
-63.0,3,86414,HIP 86414,3.81873653,82.9777682,7.0222318
-62.0,1,86414,HIP 86414,3.8184494,88.37216676,1.627833240000001
-62.0,2,87833,Eltanin,2.31244114,83.78613794,6.213862059999997
-62.0,3,85670,Rastaban,2.82424838,83.10450956,6.895490440000003
-61.0,1,86414,HIP 86414,3.81816223,86.19175551,3.808244490000007
-61.0,2,85670,Rastaban,2.82385552,84.11477531,5.885224690000001
-61.0,3,87833,Eltanin,2.31119098,81.7817272,8.218272799999994
-60.0,1,79992,Asuusiha,3.91746369,84.79129591,5.208704089999998
-60.0,2,81833,HIP 81833,3.46216651,82.06757784,7.9324221600000016
-60.0,3,85670,Rastaban,2.8234626,81.87736381,8.122636189999994
-59.0,1,79992,Asuusiha,3.91711667,85.17385218,4.826147820000003
-59.0,2,69673,Arcturus,0.40115008,83.70754812,6.2924518800000016
-59.0,3,80331,Athebyne,2.7954247,79.784646,10.215354000000005
-58.0,1,75458,Edasich,3.33691495,83.9021489,6.0978511
-58.0,2,69673,Arcturus,0.38977799,83.16892119,6.831078809999994
-58.0,3,80331,Athebyne,2.79431527,80.92546319,9.074536809999998
-57.0,1,75458,Edasich,3.33615708,87.60249588,2.3975041199999936
-57.0,2,80331,Athebyne,2.79320543,80.10886725,9.891132749999997
-57.0,3,68756,Thuban,3.67850427,79.26720191,10.732798090000003
-56.0,1,68756,Thuban,3.67813678,84.80494304,5.195056960000002
-56.0,2,75458,Edasich,3.33539897,84.53677176,5.4632282400000065
-56.0,3,75097,Pherkad,3.0503577,78.39969188,11.600308119999994
-55.0,1,68756,Thuban,3.67776939,89.22229498,0.7777050199999991
-55.0,2,75097,Pherkad,3.05029906,80.8022626,9.197737399999994
-55.0,3,72607,Kochab,2.02682632,80.20342452,9.796575480000001
-54.0,1,61281,HIP 61281,3.87219491,84.99395782,5.006042179999994
-54.0,2,68756,Thuban,3.6774021,83.79798875,6.202011249999998
-54.0,3,72607,Kochab,2.02778664,82.63247567,7.367524329999995
-53.0,1,61281,HIP 61281,3.87200838,84.82291759,5.177082409999997
-53.0,2,72607,Kochab,2.0287466,82.38659511,7.613404889999998
-53.0,3,56211,Giausar,3.83854308,81.801655,8.198345000000003
-52.0,1,61281,HIP 61281,3.87182202,79.88462034,10.115379660000002
-52.0,2,56211,Giausar,3.83867603,79.67653907,10.323460929999996
-52.0,3,72607,Kochab,2.02970621,79.61848253,10.381517470000006
-51.0,1,11767,Polaris,2.00553712,83.74206624,6.25793376
-51.0,2,89937,HIP 89937,3.0817523,76.47653691,13.523463090000007
-51.0,3,72607,Kochab,2.03066546,75.78557507,14.214424930000007
-50.0,1,11767,Polaris,2.00524224,87.03094325,2.969056749999993
-50.0,2,116727,Errai,3.53641153,75.54850971,14.451490289999995
-50.0,3,9598,Gang,3.99830595,73.82737492,16.172625080000003
-49.0,1,11767,Polaris,2.00494743,83.91713124,6.082868759999997
-49.0,2,116727,Errai,3.53051453,81.09250428,8.90749572
-49.0,3,9598,Gang,3.99764829,78.74031559,11.259684410000006
-48.0,1,116727,Errai,3.52460241,86.69385893,3.3061410699999954
-48.0,2,9598,Gang,3.99699054,81.22974767,8.770252330000005
-48.0,3,11767,Polaris,2.00465268,78.91208152,11.087918479999999
-47.0,1,116727,Errai,3.51867512,87.34315024,2.65684976
-47.0,2,112724,HIP 112724,3.55669323,83.54139477,6.458605230000003
-47.0,3,9598,Gang,3.99633272,79.30221778,10.697782219999993
-46.0,1,112724,HIP 112724,3.55590725,88.75358197,1.246418030000001
-46.0,2,746,Caph,2.2141169,82.84664444,7.153355559999994
-46.0,3,3821,Achird,3.3779947,82.68209473,7.317905269999997
-45.0,1,3821,Achird,3.37753351,88.46931401,1.530685989999995
-45.0,2,746,Caph,2.21485595,85.63591151,4.36408849
-45.0,3,112724,HIP 112724,3.55512193,85.03662778,4.963372219999997
-44.0,1,109492,HIP 109492,3.40643502,89.34213162,0.6578683799999965
-44.0,2,107259,Garnet Star,4.5397657,86.5897645,3.410235499999999
-44.0,3,3821,Achird,3.37715781,84.98499321,5.015006790000001
-43.0,1,107259,Garnet Star,4.53977076,85.91757705,4.082422949999994
-43.0,2,109492,HIP 109492,3.40629509,84.64720629,5.35279371
-43.0,3,111169,Stellio,3.79843846,82.10689069,7.89310931
-42.0,1,102422,HIP 102422,3.97328248,84.74208705,5.257912950000005
-42.0,2,104060,HIP 104060,3.70545799,82.61511716,7.384882840000003
-42.0,3,102098,Deneb,1.24701588,82.41999176,7.580008239999998
-41.0,1,102098,Deneb,1.24699279,86.95642904,3.0435709599999967
-41.0,2,99675,HIP 99675,3.80192167,85.42136943,4.578630570000001
-41.0,3,102422,HIP 102422,3.96194031,84.11177797,5.888222029999994
-40.0,1,99675,HIP 99675,3.80187699,88.82918332,1.1708166800000015
-40.0,2,97165,Fawaris,2.89946261,85.19586547,4.804134529999999
-40.0,3,102098,Deneb,1.24696969,84.23305806,5.766941939999995
-39.0,1,97165,Fawaris,2.89852735,89.11618539,0.8838146100000017
-39.0,2,95853,HIP 95853,3.83447537,83.68298375,6.317016249999995
-39.0,3,99675,HIP 99675,3.8018323,83.28051718,6.719482819999996
-38.0,1,92862,HIP 92862,4.65636906,87.60564254,2.394357459999995
-38.0,2,97165,Fawaris,2.89759188,83.51166277,6.488337229999999
-38.0,3,95853,HIP 95853,3.83331362,82.00952659,7.990473410000007
-37.0,1,92862,HIP 92862,4.65570698,86.78265251,3.2173474899999945
-37.0,2,91262,Vega,0.18850289,82.69511586,7.304884139999999
-37.0,3,92420,Sheliak,3.80916854,80.11468131,9.885318690000005
-36.0,1,86414,HIP 86414,3.8109717,84.67792973,5.3220702699999975
-36.0,2,86974,HIP 86974,3.578888,81.79248422,8.207515779999994
-36.0,3,87833,Eltanin,2.27970945,81.54394663,8.456053370000006
-35.0,1,86414,HIP 86414,3.81068362,88.48472617,1.5152738299999982
-35.0,2,85670,Rastaban,2.81362282,82.38318664,7.616813359999995
-35.0,3,87833,Eltanin,2.278441,82.07377212,7.926227879999999
-34.0,1,86414,HIP 86414,3.81039551,84.23456113,5.765438869999997
-34.0,2,85670,Rastaban,2.81322855,83.04126057,6.958739429999994
-34.0,3,79992,Asuusiha,3.90844981,82.00207167,7.9979283299999935
-33.0,1,79992,Asuusiha,3.90810349,85.6770388,4.322961199999995
-33.0,2,85670,Rastaban,2.81283423,80.99176792,9.008232079999999
-33.0,3,81833,HIP 81833,3.47631301,80.64442748,9.355572519999996
-32.0,1,79992,Asuusiha,3.90775719,83.44153263,6.5584673700000025
-32.0,2,80331,Athebyne,2.76532667,81.07351847,8.926481530000004
-32.0,3,75458,Edasich,3.31712966,80.94483866,9.055161339999998
-31.0,1,75458,Edasich,3.31636532,86.309076,3.6909239999999954
-31.0,2,80331,Athebyne,2.7642062,82.67443543,7.325564569999997
-31.0,3,79992,Asuusiha,3.90741093,78.40002761,11.599972390000005
-30.0,1,75458,Edasich,3.31560072,88.29263165,1.7073683499999959
-30.0,2,80331,Athebyne,2.76308531,81.8338186,8.1661814
-30.0,3,68756,Thuban,3.66861788,81.0144622,8.985537800000003
-29.0,1,68756,Thuban,3.66825317,84.9590853,5.040914700000002
-29.0,2,75458,Edasich,3.31483587,82.9521208,7.047879199999997
-29.0,3,75097,Pherkad,3.04878363,82.80963797,7.190362030000003
-28.0,1,75097,Pherkad,3.0487257,85.75266752,4.247332479999997
-28.0,2,72607,Kochab,2.05263011,85.59320599,4.406794009999999
-28.0,3,68756,Thuban,3.66788857,83.8002788,6.199721199999999
-27.0,1,72607,Kochab,2.05358085,87.53445983,2.465540169999997
-27.0,2,75097,Pherkad,3.04866779,84.46822461,5.531775390000007
-27.0,3,61281,HIP 61281,3.86721555,80.69165062,9.308349379999996
-26.0,1,72607,Kochab,2.05453124,83.38205514,6.617944859999994
-26.0,2,75097,Pherkad,3.04860991,80.59251975,9.407480250000006
-26.0,3,89937,HIP 89937,3.31477164,80.01220555,9.987794449999996
-25.0,1,11767,Polaris,1.99789161,84.85926546,5.140734539999997
-25.0,2,89937,HIP 89937,3.32406822,78.9216539,11.078346100000005
-25.0,3,72607,Kochab,2.05548127,78.57509878,11.424901219999995
-24.0,1,11767,Polaris,1.99759845,86.59284151,3.4071584900000005
-24.0,2,116727,Errai,3.37798352,78.75198784,11.248012160000002
-24.0,3,89937,HIP 89937,3.33335757,76.88670585,13.113294150000002
-23.0,1,116727,Errai,3.37166891,83.79460644,6.2053935600000045
-23.0,2,11767,Polaris,1.99730535,82.1691541,7.8308459
-23.0,3,106032,Alfirk,3.19216959,78.40861923,11.59138077
-22.0,1,116727,Errai,3.36533716,85.85166106,4.148338940000002
-22.0,2,106032,Alfirk,3.19208271,82.5364344,7.4635655999999955
-22.0,3,112724,HIP 112724,3.53724827,80.6753093,9.324690700000005
-21.0,1,106032,Alfirk,3.19199584,85.38072721,4.619272789999997
-21.0,2,112724,HIP 112724,3.53647954,85.22147962,4.778520380000003
-21.0,3,116727,Errai,3.35898817,81.98309169,8.016908310000005
-20.0,1,112724,HIP 112724,3.53571153,84.95551554,5.044484460000007
-20.0,2,106032,Alfirk,3.19190897,84.17224716,5.827752840000002
-20.0,3,105199,Alderamin,2.48834518,83.15505467,6.844945330000002
-19.0,1,107259,Garnet Star,4.53989266,87.86124851,2.138751490000004
-19.0,2,105199,Alderamin,2.48664875,86.0394371,3.9605628999999993
-19.0,3,109492,HIP 109492,3.40293734,85.52704914,4.472950859999997
-18.0,1,107259,Garnet Star,4.53989775,85.90127181,4.098728190000003
-18.0,2,102422,HIP 102422,3.68782295,84.9236463,5.0763536999999985
-18.0,3,105199,Alderamin,2.48495219,84.08970393,5.910296070000001
-17.0,1,102422,HIP 102422,3.67531201,84.25027284,5.749727160000006
-17.0,2,102098,Deneb,1.24643864,82.62762106,7.372378940000004
-17.0,3,99675,HIP 99675,3.80084915,81.52111339,8.478886610000004
-16.0,1,99675,HIP 99675,3.80080446,87.05607329,2.9439267099999995
-16.0,2,102098,Deneb,1.24641555,85.48577047,4.514229529999994
-16.0,3,97165,Fawaris,2.87695791,81.8469179,8.153082100000006
-15.0,1,97165,Fawaris,2.87601758,87.38928345,2.6107165500000065
-15.0,2,99675,HIP 99675,3.80075977,87.12160714,2.8783928600000053
-15.0,3,95853,HIP 95853,3.80664304,82.99289797,7.007102029999999
-14.0,1,97165,Fawaris,2.87507703,86.99857526,3.0014247400000045
-14.0,2,92862,HIP 92862,4.64051874,83.85296313,6.147036869999994
-14.0,3,95853,HIP 95853,3.8054858,82.45627306,7.543726939999999
-13.0,1,92862,HIP 92862,4.63986016,88.17946829,1.8205317099999974
-13.0,2,91262,Vega,0.09314358,83.27243658,6.727563419999996
-13.0,3,97165,Fawaris,2.87413628,81.40981174,8.590188260000005
-12.0,1,91262,Vega,0.08914506,86.54576084,3.45423916
-12.0,2,92862,HIP 92862,4.63920173,84.69254711,5.307452889999993
-12.0,3,92420,Sheliak,3.80329557,81.29475192,8.705248080000004
-11.0,1,86414,HIP 86414,3.80375921,83.75616296,6.2438370400000025
-11.0,2,91262,Vega,0.08514479,82.7711702,7.2288298
-11.0,3,84380,Nuchuang,3.16954484,80.48376781,9.516232189999997
-10.0,1,86414,HIP 86414,3.80347025,85.14643608,4.853563919999999
-10.0,2,84380,Nuchuang,3.16904186,84.57345057,5.426549429999994
-10.0,3,81833,HIP 81833,3.48855002,80.70724948,9.292750519999998
-9.0,1,81833,HIP 81833,3.48908583,85.13190146,4.868098540000005
-9.0,2,84380,Nuchuang,3.1685388,83.2956971,6.704302900000002
-9.0,3,86414,HIP 86414,3.80318126,82.19270314,7.807296859999994
-8.0,1,79992,Asuusiha,3.89945454,87.71689053,2.2831094699999994
-8.0,2,81833,HIP 81833,3.48962195,83.93858244,6.061417559999995
-8.0,3,84380,Nuchuang,3.16803567,78.30815357,11.691846429999998
-7.0,1,79992,Asuusiha,3.89910895,86.53779161,3.4622083900000007
-7.0,2,81833,HIP 81833,3.49015837,78.81028016,11.189719839999995
-7.0,3,73555,Nekkar,3.51751816,77.41672611,12.583273890000001
-6.0,1,75458,Edasich,3.29717459,81.66801544,8.331984559999995
-6.0,2,79992,Asuusiha,3.89876339,80.96195838,9.038041620000001
-6.0,3,73555,Nekkar,3.51690521,78.54754273,11.452457269999996
-5.0,1,75458,Edasich,3.29640366,84.67436498,5.325635020000007
-5.0,2,68756,Thuban,3.65953198,77.63685841,12.363141589999998
-5.0,3,80331,Athebyne,2.73492968,77.37310364,12.626896360000003
-4.0,1,75458,Edasich,3.29563248,83.74737268,6.252627320000002
-4.0,2,68756,Thuban,3.65916994,83.2052594,6.794740599999997
-4.0,3,65378,Mizar,2.0630128,79.23055925,10.769440750000001
-3.0,1,68756,Thuban,3.65880801,88.83959827,1.1604017300000038
-3.0,2,75458,Edasich,3.29486104,79.96524133,10.034758670000002
-3.0,3,65378,Mizar,2.06250899,79.72766706,10.272332939999998
-2.0,1,68756,Thuban,3.65844619,85.51709988,4.4829001199999965
-2.0,2,61281,HIP 61281,3.86271114,83.67178712,6.328212879999995
-2.0,3,72607,Kochab,2.07723547,82.03590541,7.964094590000002
-1.0,1,61281,HIP 61281,3.86253311,84.97790713,5.0220928699999945
-1.0,2,72607,Kochab,2.07817713,83.46583529,6.534164709999999
-1.0,3,56211,Giausar,3.8455857,80.74395293,9.256047069999994
0.0,1,72607,Kochab,2.07911843,81.70764727,8.292352730000005
0.0,2,61281,HIP 61281,3.86235524,80.80302681,9.196973189999994
0.0,3,56211,Giausar,3.8457237,79.1226285,10.877371499999995
